group,action,gsc_issue,live_status,url,redirects_to,last_crawled,what_to_do
A,redirects already,crawled,301,https://egypttours-meritamun.com/de/5-star-luxury-nile-cruise-premium-service-best-views-top-tier-comfort/,/de/top-5-star-nile-cruises-in-egypt-compare-ships-routes-luxury-inclusions-fast/,2026-09-07,لا شيء: الرابط بيعمل 301 وجوجل هيشيله لوحده
A,redirects already,crawled,301,https://egypttours-meritamun.com/de/tour/day-tour-from-red-sea-to-luxor/,https://egypttours-meritamun.com/de/tour/luxor-day-trip-from-hurghada-red-sea-valley-of-the-kings/,2026-06-09,لا شيء: الرابط بيعمل 301 وجوجل هيشيله لوحده
A,redirects already,crawled,301,https://egypttours-meritamun.com/de/tour/the-exquisite-marsa-alam-the-sea-adventure/,https://egypttours-meritamun.com/de/tour/marsa-alam-sea-adventure-snorkeling-dolphins-turtles/,2026-06-25,لا شيء: الرابط بيعمل 301 وجوجل هيشيله لوحده
A,redirects already,crawled,301,https://egypttours-meritamun.com/feed/,https://egypttours-meritamun.com,2026-07-11,لا شيء: الرابط بيعمل 301 وجوجل هيشيله لوحده
A,redirects already,crawled,301,https://egypttours-meritamun.com/portfolio_tag/mountain/feed/,https://egypttours-meritamun.com/portfolio_tag/mountain/,2026-08-08,لا شيء: الرابط بيعمل 301 وجوجل هيشيله لوحده
A,redirects already,crawled,301,https://egypttours-meritamun.com/portfolio_tag/nature/feed/,https://egypttours-meritamun.com/portfolio_tag/nature/,2026-08-09,لا شيء: الرابط بيعمل 301 وجوجل هيشيله لوحده
A,redirects already,crawled,301,https://egypttours-meritamun.com/portfolio_tag/outdoor/feed/,https://egypttours-meritamun.com/portfolio_tag/outdoor/,2026-08-08,لا شيء: الرابط بيعمل 301 وجوجل هيشيله لوحده
A,redirects already,crawled,301,https://egypttours-meritamun.com/portfolio_tag/snow/feed/,https://egypttours-meritamun.com/portfolio_tag/snow/,2026-08-09,لا شيء: الرابط بيعمل 301 وجوجل هيشيله لوحده
A,redirects already,crawled,301,https://egypttours-meritamun.com/private-luxor-tour-aegyptologe-fuehrung-fahrer/egyptologist_guided_tour_luxor_r_202607212018-1/,https://egypttours-meritamun.com/wp-content/uploads/2026/07/Egyptologist_guided_tour_Luxor_r%E2%80%A6_202607212018-1.webp,2026-08-09,لا شيء: الرابط بيعمل 301 وجوجل هيشيله لوحده
A,redirects already,crawled,301,https://egypttours-meritamun.com/tour-category/luxury-packages/feed/,https://egypttours-meritamun.com/tour-category/luxury-packages/,2026-04-02,لا شيء: الرابط بيعمل 301 وجوجل هيشيله لوحده
A,redirects already,crawled,301,https://egypttours-meritamun.com/tour-category/marsa-alam-day-tours/feed/,https://egypttours-meritamun.com/tour-category/marsa-alam-day-tours/,2026-05-14,لا شيء: الرابط بيعمل 301 وجوجل هيشيله لوحده
A,redirects already,crawled,301,https://egypttours-meritamun.com/tour-destination/alexandria/feed/,https://egypttours-meritamun.com/tour-destination/alexandria/,2026-04-02,لا شيء: الرابط بيعمل 301 وجوجل هيشيله لوحده
A,redirects already,crawled,301,https://egypttours-meritamun.com/tour/a-magical-journey-in-marsa-alam-egypt/,https://egypttours-meritamun.com/tour/wadi-el-gemal-national-park-tour-marsa-alam-desert-reef/,2026-05-14,لا شيء: الرابط بيعمل 301 وجوجل هيشيله لوحده
A,redirects already,crawled,301,https://egypttours-meritamun.com/tour/cairo-nile-cruise-hurghada-tour/,https://egypttours-meritamun.com/tour/cairo-nile-cruise-hurghada-9-nights-10-days-egypt-tour/,2026-08-09,لا شيء: الرابط بيعمل 301 وجوجل هيشيله لوحده
A,redirects already,crawled,301,https://egypttours-meritamun.com/tour/day-tour-sakkara-memphis-and-dahshur/,https://egypttours-meritamun.com/tour/sakkara-memphis-dahshur-day-tour-from-cairo/,2026-08-06,لا شيء: الرابط بيعمل 301 وجوجل هيشيله لوحده
A,redirects already,crawled,301,https://egypttours-meritamun.com/tour/day-tour-to-alexandria-from-cairo-regular/,https://egypttours-meritamun.com/tour/alexandria-day-tour-from-cairo-catacombs-qaitbay-citadel/,2026-05-14,لا شيء: الرابط بيعمل 301 وجوجل هيشيله لوحده
A,redirects already,crawled,301,https://egypttours-meritamun.com/tour/day-tour-to-dendara-and-abydos-temples/,https://egypttours-meritamun.com/tour/dendera-abydos-temples-day-tour-from-luxor/,2026-08-04,لا شيء: الرابط بيعمل 301 وجوجل هيشيله لوحده
A,redirects already,crawled,301,https://egypttours-meritamun.com/tour/day-tour-to-el-fayoum-from-cairo/,https://egypttours-meritamun.com/tour/el-fayoum-day-tour-from-cairo-wadi-el-rayan-whale-valley/,2026-08-04,لا شيء: الرابط بيعمل 301 وجوجل هيشيله لوحده
A,redirects already,crawled,301,https://egypttours-meritamun.com/tour/egypt-discovery-tour-9-night-10-day/,https://egypttours-meritamun.com/tour/egypt-discovery-tour-9-nights-10-days-private-itinerary/,2026-07-25,لا شيء: الرابط بيعمل 301 وجوجل هيشيله لوحده
A,redirects already,crawled,301,https://egypttours-meritamun.com/tour/pharaohs-palms-a-5-day-nile-adventure-from-cairo-to-luxor-by-sleeper-train/,https://egypttours-meritamun.com/tour/cairo-to-luxor-sleeper-train-nile-tour-5-days/,2026-07-22,لا شيء: الرابط بيعمل 301 وجوجل هيشيله لوحده
A,redirects already,crawled,301,https://egypttours-meritamun.com/tour/sacred-sinai-a-day-of-mountains-miracles/,https://egypttours-meritamun.com/tour/st-catherines-monastery-day-tour-sinai-sacred-mountain/,2026-05-14,لا شيء: الرابط بيعمل 301 وجوجل هيشيله لوحده
A,redirects already,crawled,301,https://egypttours-meritamun.com/tour/the-exquisite-marsa-alam-the-sea-adventure/,https://egypttours-meritamun.com/tour/marsa-alam-sea-adventure-snorkeling-dolphins-turtles/,2026-05-14,لا شيء: الرابط بيعمل 301 وجوجل هيشيله لوحده
A,redirects already,discovered,301,https://egypttours-meritamun.com/5-star-super-deluxe-nile-cruise-upgrade-to-the-highest-luxury-experience-on-the-nile/,/top-5-star-nile-cruises-in-egypt-compare-ships-routes-luxury-inclusions-fast/,1970-01-01,لا شيء: الرابط بيعمل 301 وجوجل هيشيله لوحده
A,redirects already,discovered,301,https://egypttours-meritamun.com/de/5-star-nile-cruise-book-a-seamless-egypt-getaway-with-unmatched-value/,/de/book-a-5-star-aswan-luxor-nile-cruise-what-youll-see-whats-included-why-its-worth-it/,1970-01-01,لا شيء: الرابط بيعمل 301 وجوجل هيشيله لوحده
A,redirects already,discovered,301,https://egypttours-meritamun.com/de/5-stars-nile-cruise-what-5-star-really-means-for-comfort-service-value/,/de/top-5-star-nile-cruises-in-egypt-compare-ships-routes-luxury-inclusions-fast/,1970-01-01,لا شيء: الرابط بيعمل 301 وجوجل هيشيله لوحده
A,redirects already,discovered,301,https://egypttours-meritamun.com/de/five-star-nile-cruise-aswan-luxor/,/de/book-a-5-star-aswan-luxor-nile-cruise-what-youll-see-whats-included-why-its-worth-it/,1970-01-01,لا شيء: الرابط بيعمل 301 وجوجل هيشيله لوحده
A,redirects already,discovered,301,https://egypttours-meritamun.com/de/mirit-egypt-tours-reiseplanung/,https://egypttours-meritamun.com/de/merit-egypt-tours-reiseplanung/,1970-01-01,لا شيء: الرابط بيعمل 301 وجوجل هيشيله لوحده
A,redirects already,discovered,301,https://egypttours-meritamun.com/mirit-egypt-tours-reiseplanung/,https://egypttours-meritamun.com/merit-egypt-tours-reiseplanung/,1970-01-01,لا شيء: الرابط بيعمل 301 وجوجل هيشيله لوحده
B,junk,crawled,200,https://egypttours-meritamun.com/category/uncategorized/,,2026-08-07,صفحة مش للبحث: تتقفل في robots.txt (مش محتاجة فهرسة)
B,junk,crawled,200,https://egypttours-meritamun.com/de/register/?redirect=5650,,2026-05-14,صفحة مش للبحث: تتقفل في robots.txt (مش محتاجة فهرسة)
B,junk,crawled,200,https://egypttours-meritamun.com/register/?redirect=5717,,2026-04-03,صفحة مش للبحث: تتقفل في robots.txt (مش محتاجة فهرسة)
C,check,crawled,200,https://egypttours-meritamun.com/de/personnel/dalida-serhan/,,2026-08-19,راجعها: لو مش موظف حقيقي تتمسح
C,check,discovered,200,https://egypttours-meritamun.com/de/personnel/awad-saady/,,1970-01-01,راجعها: لو مش موظف حقيقي تتمسح
C,check,discovered,200,https://egypttours-meritamun.com/personnel/dalida-serhan/,,1970-01-01,راجعها: لو مش موظف حقيقي تتمسح
D,improve tour,crawled,200,https://egypttours-meritamun.com/tour/day-tour-luxor-east-and-west-bank/,,2026-08-07,صفحة بيع اتزحفت واترفضت: محتوى أقوى ومختلف عن الرحلات الشبيهة
D,improve tour,crawled,200,https://egypttours-meritamun.com/tour/day-tour-to-alexandria-from-cairo-greco-roman/,,2026-04-02,صفحة بيع اتزحفت واترفضت: محتوى أقوى ومختلف عن الرحلات الشبيهة
D,improve tour,crawled,200,https://egypttours-meritamun.com/tour/day-tour-to-alexandria-from-cairo-spiritual/,,2026-04-02,صفحة بيع اتزحفت واترفضت: محتوى أقوى ومختلف عن الرحلات الشبيهة
D,improve tour,crawled,200,https://egypttours-meritamun.com/tour/day-tour-to-edfu-and-kom-ombo/,,2026-08-05,صفحة بيع اتزحفت واترفضت: محتوى أقوى ومختلف عن الرحلات الشبيهة
E,crawl tour,discovered,200,https://egypttours-meritamun.com/de/tour-category/alexandria-day-tours/,,1970-01-01,صفحة بيع ماتزحفتش أصلًا: الكاش + Request indexing + لينكات داخلية
E,crawl tour,discovered,200,https://egypttours-meritamun.com/de/tour-category/aswan-day-tours/,,1970-01-01,صفحة بيع ماتزحفتش أصلًا: الكاش + Request indexing + لينكات داخلية
E,crawl tour,discovered,200,https://egypttours-meritamun.com/de/tour-category/day-tour/,,1970-01-01,صفحة بيع ماتزحفتش أصلًا: الكاش + Request indexing + لينكات داخلية
E,crawl tour,discovered,200,https://egypttours-meritamun.com/de/tour-category/desert-oasis/,,1970-01-01,صفحة بيع ماتزحفتش أصلًا: الكاش + Request indexing + لينكات داخلية
E,crawl tour,discovered,200,https://egypttours-meritamun.com/de/tour-category/hurghada-day-tours/,,1970-01-01,صفحة بيع ماتزحفتش أصلًا: الكاش + Request indexing + لينكات داخلية
E,crawl tour,discovered,200,https://egypttours-meritamun.com/de/tour-category/luxor-day-tours/,,1970-01-01,صفحة بيع ماتزحفتش أصلًا: الكاش + Request indexing + لينكات داخلية
E,crawl tour,discovered,200,https://egypttours-meritamun.com/de/tour-category/luxury-packages/,,1970-01-01,صفحة بيع ماتزحفتش أصلًا: الكاش + Request indexing + لينكات داخلية
E,crawl tour,discovered,200,https://egypttours-meritamun.com/de/tour-destination/alexandria/,,1970-01-01,صفحة بيع ماتزحفتش أصلًا: الكاش + Request indexing + لينكات داخلية
E,crawl tour,discovered,200,https://egypttours-meritamun.com/de/tour-destination/aswan/,,1970-01-01,صفحة بيع ماتزحفتش أصلًا: الكاش + Request indexing + لينكات داخلية
E,crawl tour,discovered,200,https://egypttours-meritamun.com/de/tour-destination/bahariya-oasis/,,1970-01-01,صفحة بيع ماتزحفتش أصلًا: الكاش + Request indexing + لينكات داخلية
E,crawl tour,discovered,200,https://egypttours-meritamun.com/de/tour-destination/cairo/,,1970-01-01,صفحة بيع ماتزحفتش أصلًا: الكاش + Request indexing + لينكات داخلية
E,crawl tour,discovered,200,https://egypttours-meritamun.com/de/tour-destination/fayoum/,,1970-01-01,صفحة بيع ماتزحفتش أصلًا: الكاش + Request indexing + لينكات داخلية
E,crawl tour,discovered,200,https://egypttours-meritamun.com/de/tour-destination/giza/,,1970-01-01,صفحة بيع ماتزحفتش أصلًا: الكاش + Request indexing + لينكات داخلية
E,crawl tour,discovered,200,https://egypttours-meritamun.com/de/tour-destination/luxor/,,1970-01-01,صفحة بيع ماتزحفتش أصلًا: الكاش + Request indexing + لينكات داخلية
E,crawl tour,discovered,200,https://egypttours-meritamun.com/de/tour-destination/marsa-alam/,,1970-01-01,صفحة بيع ماتزحفتش أصلًا: الكاش + Request indexing + لينكات داخلية
E,crawl tour,discovered,200,https://egypttours-meritamun.com/de/tour-destination/sharm-el-sheikh/,,1970-01-01,صفحة بيع ماتزحفتش أصلًا: الكاش + Request indexing + لينكات داخلية
E,crawl tour,discovered,200,https://egypttours-meritamun.com/de/tour/3-nights-4-days-nile-cruise-from-aswan-to-luxor/,,1970-01-01,صفحة بيع ماتزحفتش أصلًا: الكاش + Request indexing + لينكات داخلية
E,crawl tour,discovered,200,https://egypttours-meritamun.com/de/tour/alexandria-day-tour-from-cairo-catacombs-qaitbay-citadel/,,1970-01-01,صفحة بيع ماتزحفتش أصلًا: الكاش + Request indexing + لينكات داخلية
E,crawl tour,discovered,200,https://egypttours-meritamun.com/de/tour/cairo-nile-dinner-cruise-and-show/,,1970-01-01,صفحة بيع ماتزحفتش أصلًا: الكاش + Request indexing + لينكات داخلية
E,crawl tour,discovered,200,https://egypttours-meritamun.com/de/tour/cairo-short-break-3-nights-4-days-private-tour/,,1970-01-01,صفحة بيع ماتزحفتش أصلًا: الكاش + Request indexing + لينكات داخلية
E,crawl tour,discovered,200,https://egypttours-meritamun.com/de/tour/day-tour-abu-simbel-by-coach-from-aswan/,,1970-01-01,صفحة بيع ماتزحفتش أصلًا: الكاش + Request indexing + لينكات داخلية
E,crawl tour,discovered,200,https://egypttours-meritamun.com/de/tour/day-tour-aswan-philae-templeobeliskhigh-dam/,,1970-01-01,صفحة بيع ماتزحفتش أصلًا: الكاش + Request indexing + لينكات داخلية
E,crawl tour,discovered,200,https://egypttours-meritamun.com/de/tour/day-tour-luxor-east-and-west-bank/,,1970-01-01,صفحة بيع ماتزحفتش أصلًا: الكاش + Request indexing + لينكات داخلية
E,crawl tour,discovered,200,https://egypttours-meritamun.com/de/tour/day-tour-luxor-east-bank/,,1970-01-01,صفحة بيع ماتزحفتش أصلًا: الكاش + Request indexing + لينكات داخلية
E,crawl tour,discovered,200,https://egypttours-meritamun.com/de/tour/day-tour-to-alexandria-from-cairo-greco-roman/,,1970-01-01,صفحة بيع ماتزحفتش أصلًا: الكاش + Request indexing + لينكات داخلية
E,crawl tour,discovered,200,https://egypttours-meritamun.com/de/tour/day-tour-to-alexandria-from-cairo-spiritual/,,1970-01-01,صفحة بيع ماتزحفتش أصلًا: الكاش + Request indexing + لينكات داخلية
E,crawl tour,discovered,200,https://egypttours-meritamun.com/de/tour/day-tour-to-edfu-and-kom-ombo/,,1970-01-01,صفحة بيع ماتزحفتش أصلًا: الكاش + Request indexing + لينكات داخلية
E,crawl tour,discovered,200,https://egypttours-meritamun.com/de/tour/day-tour-to-giza-pyramids-memphis-and-sakkara/,,1970-01-01,صفحة بيع ماتزحفتش أصلًا: الكاش + Request indexing + لينكات داخلية
E,crawl tour,discovered,200,https://egypttours-meritamun.com/de/tour/day-tour-to-the-egyptian-museum-giza-pyramids-and-sphinx/,,1970-01-01,صفحة بيع ماتزحفتش أصلًا: الكاش + Request indexing + لينكات داخلية
E,crawl tour,discovered,200,https://egypttours-meritamun.com/de/tour/luxor-hot-air-balloon-ride/,,1970-01-01,صفحة بيع ماتزحفتش أصلًا: الكاش + Request indexing + لينكات داخلية
E,crawl tour,discovered,200,https://egypttours-meritamun.com/de/tour/luxor-overnight-trip-from-hurghada-red-sea-2-days/,,1970-01-01,صفحة بيع ماتزحفتش أصلًا: الكاش + Request indexing + لينكات داخلية
E,crawl tour,discovered,200,https://egypttours-meritamun.com/de/tour/nile-cruise-sail-along-the-nile-from-luxor-to-aswan-4-nights-5-days/,,1970-01-01,صفحة بيع ماتزحفتش أصلًا: الكاش + Request indexing + لينكات داخلية
E,crawl tour,discovered,200,https://egypttours-meritamun.com/tour-category/alexandria-day-tours/,,1970-01-01,صفحة بيع ماتزحفتش أصلًا: الكاش + Request indexing + لينكات داخلية
E,crawl tour,discovered,200,https://egypttours-meritamun.com/tour-category/aswan-day-tours/,,1970-01-01,صفحة بيع ماتزحفتش أصلًا: الكاش + Request indexing + لينكات داخلية
E,crawl tour,discovered,200,https://egypttours-meritamun.com/tour-category/cairo-day-tours/,,1970-01-01,صفحة بيع ماتزحفتش أصلًا: الكاش + Request indexing + لينكات داخلية
E,crawl tour,discovered,200,https://egypttours-meritamun.com/tour-category/classic-packages/,,1970-01-01,صفحة بيع ماتزحفتش أصلًا: الكاش + Request indexing + لينكات داخلية
E,crawl tour,discovered,200,https://egypttours-meritamun.com/tour-category/dahabia/,,1970-01-01,صفحة بيع ماتزحفتش أصلًا: الكاش + Request indexing + لينكات داخلية
E,crawl tour,discovered,200,https://egypttours-meritamun.com/tour-category/day-tour/,,1970-01-01,صفحة بيع ماتزحفتش أصلًا: الكاش + Request indexing + لينكات داخلية
E,crawl tour,discovered,200,https://egypttours-meritamun.com/tour-category/desert-oasis/,,1970-01-01,صفحة بيع ماتزحفتش أصلًا: الكاش + Request indexing + لينكات داخلية
E,crawl tour,discovered,200,https://egypttours-meritamun.com/tour-category/luxor-day-tours/,,1970-01-01,صفحة بيع ماتزحفتش أصلًا: الكاش + Request indexing + لينكات داخلية
E,crawl tour,discovered,200,https://egypttours-meritamun.com/tour-category/marsa-alam-day-tours/,,1970-01-01,صفحة بيع ماتزحفتش أصلًا: الكاش + Request indexing + لينكات داخلية
E,crawl tour,discovered,200,https://egypttours-meritamun.com/tour-destination/aswan/,,1970-01-01,صفحة بيع ماتزحفتش أصلًا: الكاش + Request indexing + لينكات داخلية
E,crawl tour,discovered,200,https://egypttours-meritamun.com/tour-destination/bahariya-oasis/,,1970-01-01,صفحة بيع ماتزحفتش أصلًا: الكاش + Request indexing + لينكات داخلية
E,crawl tour,discovered,200,https://egypttours-meritamun.com/tour-destination/cairo/,,1970-01-01,صفحة بيع ماتزحفتش أصلًا: الكاش + Request indexing + لينكات داخلية
E,crawl tour,discovered,200,https://egypttours-meritamun.com/tour-destination/giza/,,1970-01-01,صفحة بيع ماتزحفتش أصلًا: الكاش + Request indexing + لينكات داخلية
E,crawl tour,discovered,200,https://egypttours-meritamun.com/tour-destination/hurghada/,,1970-01-01,صفحة بيع ماتزحفتش أصلًا: الكاش + Request indexing + لينكات داخلية
E,crawl tour,discovered,200,https://egypttours-meritamun.com/tour-destination/marsa-alam/,,1970-01-01,صفحة بيع ماتزحفتش أصلًا: الكاش + Request indexing + لينكات داخلية
E,crawl tour,discovered,200,https://egypttours-meritamun.com/tour/3-nights-4-days-nile-cruise-from-aswan-to-luxor/,,1970-01-01,صفحة بيع ماتزحفتش أصلًا: الكاش + Request indexing + لينكات داخلية
E,crawl tour,discovered,200,https://egypttours-meritamun.com/tour/alexandria-leisure-day-tour-from-cairo-corniche-montazah/,,1970-01-01,صفحة بيع ماتزحفتش أصلًا: الكاش + Request indexing + لينكات داخلية
E,crawl tour,discovered,200,https://egypttours-meritamun.com/tour/aswan-nubian-village-tour-by-motorboat-half-day/,,1970-01-01,صفحة بيع ماتزحفتش أصلًا: الكاش + Request indexing + لينكات داخلية
E,crawl tour,discovered,200,https://egypttours-meritamun.com/tour/cairo-day-trip-from-hurghada-red-sea-resorts/,,1970-01-01,صفحة بيع ماتزحفتش أصلًا: الكاش + Request indexing + لينكات داخلية
E,crawl tour,discovered,200,https://egypttours-meritamun.com/tour/cairo-nile-dinner-cruise-and-show/,,1970-01-01,صفحة بيع ماتزحفتش أصلًا: الكاش + Request indexing + لينكات داخلية
E,crawl tour,discovered,200,https://egypttours-meritamun.com/tour/cairo-short-break-3-nights-4-days-private-tour/,,1970-01-01,صفحة بيع ماتزحفتش أصلًا: الكاش + Request indexing + لينكات داخلية
E,crawl tour,discovered,200,https://egypttours-meritamun.com/tour/dahabiya-nile-cruise-luxor-to-aswan-5-nights-sailing/,,1970-01-01,صفحة بيع ماتزحفتش أصلًا: الكاش + Request indexing + لينكات داخلية
E,crawl tour,discovered,200,https://egypttours-meritamun.com/tour/day-tour-abu-simbel-by-coach-from-aswan/,,1970-01-01,صفحة بيع ماتزحفتش أصلًا: الكاش + Request indexing + لينكات داخلية
E,crawl tour,discovered,200,https://egypttours-meritamun.com/tour/day-tour-aswan-philae-templeobeliskhigh-dam/,,1970-01-01,صفحة بيع ماتزحفتش أصلًا: الكاش + Request indexing + لينكات داخلية
E,crawl tour,discovered,200,https://egypttours-meritamun.com/tour/day-tour-to-giza-pyramids-memphis-and-sakkara/,,1970-01-01,صفحة بيع ماتزحفتش أصلًا: الكاش + Request indexing + لينكات داخلية
E,crawl tour,discovered,200,https://egypttours-meritamun.com/tour/day-tour-to-the-egyptian-museum-giza-pyramids-and-sphinx/,,1970-01-01,صفحة بيع ماتزحفتش أصلًا: الكاش + Request indexing + لينكات داخلية
E,crawl tour,discovered,200,https://egypttours-meritamun.com/tour/dendera-temple-half-day-tour-from-luxor-temple-of-hathor/,,1970-01-01,صفحة بيع ماتزحفتش أصلًا: الكاش + Request indexing + لينكات داخلية
E,crawl tour,discovered,200,https://egypttours-meritamun.com/tour/egyptian-civilization-museum-citadel-old-cairo-day-tour/,,1970-01-01,صفحة بيع ماتزحفتش أصلًا: الكاش + Request indexing + لينكات داخلية
E,crawl tour,discovered,200,https://egypttours-meritamun.com/tour/el-fayoum-day-tour-from-cairo-wadi-el-rayan-whale-valley/,,1970-01-01,صفحة بيع ماتزحفتش أصلًا: الكاش + Request indexing + لينكات داخلية
E,crawl tour,discovered,200,https://egypttours-meritamun.com/tour/marsa-alam-sea-adventure-snorkeling-dolphins-turtles/,,1970-01-01,صفحة بيع ماتزحفتش أصلًا: الكاش + Request indexing + لينكات داخلية
E,crawl tour,discovered,200,https://egypttours-meritamun.com/tour/nile-cruise-sail-along-the-nile-from-luxor-to-aswan-4-nights-5-days/,,1970-01-01,صفحة بيع ماتزحفتش أصلًا: الكاش + Request indexing + لينكات داخلية
E,crawl tour,discovered,200,https://egypttours-meritamun.com/tour/philae-temple-sound-light-show-aswan-evening-tour/,,1970-01-01,صفحة بيع ماتزحفتش أصلًا: الكاش + Request indexing + لينكات داخلية
E,crawl tour,discovered,200,https://egypttours-meritamun.com/tour/ras-mohammed-snorkeling-diving-trip-from-sharm-el-sheikh/,,1970-01-01,صفحة بيع ماتزحفتش أصلًا: الكاش + Request indexing + لينكات داخلية
E,crawl tour,discovered,200,https://egypttours-meritamun.com/tour/sakkara-memphis-dahshur-day-tour-from-cairo/,,1970-01-01,صفحة بيع ماتزحفتش أصلًا: الكاش + Request indexing + لينكات داخلية
E,crawl tour,discovered,200,https://egypttours-meritamun.com/tour/st-catherines-monastery-day-tour-sinai-sacred-mountain/,,1970-01-01,صفحة بيع ماتزحفتش أصلًا: الكاش + Request indexing + لينكات داخلية
F,keep de,discovered,200,https://egypttours-meritamun.com/de/2-tages-ausflug-nach-luxor-von-hurghada/,,1970-01-01,النسخة الألماني المفضّلة لمقال ألماني (تفضل)
F,keep de,discovered,200,https://egypttours-meritamun.com/de/3-tage-reise-luxor-und-assuan-ab-marsa-alam/,,1970-01-01,النسخة الألماني المفضّلة لمقال ألماني (تفضل)
F,keep de,discovered,200,https://egypttours-meritamun.com/de/5-sterne-nilkreuzfahrt/,,1970-01-01,النسخة الألماني المفضّلة لمقال ألماني (تفضل)
F,keep de,discovered,200,https://egypttours-meritamun.com/de/abu-simbel-nilkreuzfahrt/,,1970-01-01,النسخة الألماني المفضّلة لمقال ألماني (تفضل)
F,keep de,discovered,200,https://egypttours-meritamun.com/de/aegypten-westliche-wueste-fayoum-bahariya-weisse-wueste/,,1970-01-01,النسخة الألماني المفضّلة لمقال ألماني (تفضل)
F,keep de,discovered,200,https://egypttours-meritamun.com/de/aegypten-zeitlose-schaetze-tour-planung/,,1970-01-01,النسخة الألماني المفضّلة لمقال ألماني (تفضل)
F,keep de,discovered,200,https://egypttours-meritamun.com/de/agypten-rundreise-privat-7-10-tage-mit-kairo-luxor-assuan-und-nilkreuz/,,1970-01-01,النسخة الألماني المفضّلة لمقال ألماني (تفضل)
F,keep de,discovered,200,https://egypttours-meritamun.com/de/alexandria-tagesausfluege-ab-kairo-welche-tour/,,1970-01-01,النسخة الألماني المفضّلة لمقال ألماني (تفضل)
F,keep de,discovered,200,https://egypttours-meritamun.com/de/belmond-nilkreuzfahrt/,,1970-01-01,النسخة الألماني المفضّلة لمقال ألماني (تفضل)
F,keep de,discovered,200,https://egypttours-meritamun.com/de/dahabiya-nilkreuzfahrt-5-7-oder-8-naechte/,,1970-01-01,النسخة الألماني المفضّلة لمقال ألماني (تفضل)
F,keep de,discovered,200,https://egypttours-meritamun.com/de/dendera-und-abydos-ab-luxor-halbtag-oder-ganztag/,,1970-01-01,النسخة الألماني المفضّلة لمقال ألماني (تفضل)
F,keep de,discovered,200,https://egypttours-meritamun.com/de/jenseits-von-giza-sakkara-memphis-und-dahschur/,,1970-01-01,النسخة الألماني المفضّلة لمقال ألماني (تفضل)
F,keep de,discovered,200,https://egypttours-meritamun.com/de/kairo-und-luxor-tagesausfluege-ab-hurghada/,,1970-01-01,النسخة الألماني المفضّلة لمقال ألماني (تفضل)
F,keep de,discovered,200,https://egypttours-meritamun.com/de/katharinenkloster-und-berg-sinai-reisefuehrer/,,1970-01-01,النسخة الألماني المفضّلة لمقال ألماني (تفضل)
F,keep de,discovered,200,https://egypttours-meritamun.com/de/luxus-gold-eleganz-auf-dem-nil/,,1970-01-01,النسخة الألماني المفضّلة لمقال ألماني (تفضل)
F,keep de,discovered,200,https://egypttours-meritamun.com/de/luxus-nilkreuzfahrt/,,1970-01-01,النسخة الألماني المفضّلة لمقال ألماني (تفضل)
F,keep de,discovered,200,https://egypttours-meritamun.com/de/merit-in-der-aegyptischen-mythologie-bedeutung-schreibungen-und-reisebezug/,,1970-01-01,النسخة الألماني المفضّلة لمقال ألماني (تفضل)
F,keep de,discovered,200,https://egypttours-meritamun.com/de/ms-nile-crown-1-kabinen/,,1970-01-01,النسخة الألماني المفضّلة لمقال ألماني (تفضل)
F,keep de,discovered,200,https://egypttours-meritamun.com/de/nilinsel-bei-assuan-kreuzwortraetsel-elephantine/,,1970-01-01,النسخة الألماني المفضّلة لمقال ألماني (تفضل)
F,keep de,discovered,200,https://egypttours-meritamun.com/de/nilkreuzfahrt-2026-so-planen-sie-die-richtige-reise-auf-dem-nil/,,1970-01-01,النسخة الألماني المفضّلة لمقال ألماني (تفضل)
F,keep de,discovered,200,https://egypttours-meritamun.com/de/nilkreuzfahrt-vergleich-route-dauer-stil/,,1970-01-01,النسخة الألماني المفضّلة لمقال ألماني (تفضل)
F,keep de,discovered,200,https://egypttours-meritamun.com/de/nilkreuzfahrt-von-kairo-nach-luxor-praktischer-reisefuehrer/,,1970-01-01,النسخة الألماني المفضّلة لمقال ألماني (تفضل)
F,keep de,discovered,200,https://egypttours-meritamun.com/de/nour-el-nil-reiseroute-planen-itinerary/,,1970-01-01,النسخة الألماني المفضّلة لمقال ألماني (تفضل)
F,keep de,discovered,200,https://egypttours-meritamun.com/de/private-aegypten-rundreisen-aegyptologe-luxor-kairo-assuan/,,1970-01-01,النسخة الألماني المفضّلة لمقال ألماني (تفضل)
F,keep de,discovered,200,https://egypttours-meritamun.com/de/private-aegypten-touren-aegyptologe-luxor-kairo-assuan/,,1970-01-01,النسخة الألماني المفضّلة لمقال ألماني (تفضل)
F,keep de,discovered,200,https://egypttours-meritamun.com/de/private-aegypten-touren-eigener-guide-fahrer-luxor-kairo-assuan/,,1970-01-01,النسخة الألماني المفضّلة لمقال ألماني (تفضل)
F,keep de,discovered,200,https://egypttours-meritamun.com/de/private-luxor-tour-aegyptologe-fuehrung-fahrer/,,1970-01-01,النسخة الألماني المفضّلة لمقال ألماني (تفضل)
F,keep de,discovered,200,https://egypttours-meritamun.com/de/private-nilkreuzfahrt-luxor/,,1970-01-01,النسخة الألماني المفضّلة لمقال ألماني (تفضل)
F,keep de,discovered,200,https://egypttours-meritamun.com/de/schaetze-aegyptens-tour/,,1970-01-01,النسخة الألماني المفضّلة لمقال ألماني (تفضل)
F,keep de,discovered,200,https://egypttours-meritamun.com/de/schnorcheln-rotes-meer-marsa-alam-oder-sharm-el-sheikh/,,1970-01-01,النسخة الألماني المفضّلة لمقال ألماني (تفضل)
F,keep de,discovered,200,https://egypttours-meritamun.com/de/transport-aegypten-praktischer-reisefuehrer/,,1970-01-01,النسخة الألماني المفضّلة لمقال ألماني (تفضل)
G,de machine translation,crawled,200,https://egypttours-meritamun.com/de/4-day-cairo-to-the-nile-cruise-your-way-through-egypts-best-highlights/,,2026-09-06,ترجمة أوتوماتيك لصفحة إنجليزي: أولوية منخفضة، هتتفهرس لما الزحف يتحسن
G,de machine translation,discovered,200,https://egypttours-meritamun.com/de/aswan-sightseeing-in-luxury-philae-temple-nubian-charm-best-sunset-experiences/,,1970-01-01,ترجمة أوتوماتيك لصفحة إنجليزي: أولوية منخفضة، هتتفهرس لما الزحف يتحسن
G,de machine translation,discovered,200,https://egypttours-meritamun.com/de/destinations/,,1970-01-01,ترجمة أوتوماتيك لصفحة إنجليزي: أولوية منخفضة، هتتفهرس لما الزحف يتحسن
G,de machine translation,discovered,200,https://egypttours-meritamun.com/de/luxor-private-tours-with-a-dedicated-guide-valley-of-the-kings-temples-vip-access/,,1970-01-01,ترجمة أوتوماتيك لصفحة إنجليزي: أولوية منخفضة، هتتفهرس لما الزحف يتحسن
H,german duplicate,crawled,200,https://egypttours-meritamun.com/private-aegypten-touren-aegyptologe-luxor-kairo-assuan/,,2026-09-20,مقال ألماني منشور كإنجليزي ومتكرر على /de/: canonical للنسخة الألماني
H,german duplicate,discovered,200,https://egypttours-meritamun.com/abu-simbel-nilkreuzfahrt/,,1970-01-01,مقال ألماني منشور كإنجليزي ومتكرر على /de/: canonical للنسخة الألماني
H,german duplicate,discovered,200,https://egypttours-meritamun.com/aegypten-westliche-wueste-fayoum-bahariya-weisse-wueste/,,1970-01-01,مقال ألماني منشور كإنجليزي ومتكرر على /de/: canonical للنسخة الألماني
H,german duplicate,discovered,200,https://egypttours-meritamun.com/aegypten-zeitlose-schaetze-tour-planung/,,1970-01-01,مقال ألماني منشور كإنجليزي ومتكرر على /de/: canonical للنسخة الألماني
H,german duplicate,discovered,200,https://egypttours-meritamun.com/alexandria-tagesausfluege-ab-kairo-welche-tour/,,1970-01-01,مقال ألماني منشور كإنجليزي ومتكرر على /de/: canonical للنسخة الألماني
H,german duplicate,discovered,200,https://egypttours-meritamun.com/belmond-nilkreuzfahrt/,,1970-01-01,مقال ألماني منشور كإنجليزي ومتكرر على /de/: canonical للنسخة الألماني
H,german duplicate,discovered,200,https://egypttours-meritamun.com/dahabiya-nilkreuzfahrt-5-7-oder-8-naechte/,,1970-01-01,مقال ألماني منشور كإنجليزي ومتكرر على /de/: canonical للنسخة الألماني
H,german duplicate,discovered,200,https://egypttours-meritamun.com/dendera-und-abydos-ab-luxor-halbtag-oder-ganztag/,,1970-01-01,مقال ألماني منشور كإنجليزي ومتكرر على /de/: canonical للنسخة الألماني
H,german duplicate,discovered,200,https://egypttours-meritamun.com/jenseits-von-giza-sakkara-memphis-und-dahschur/,,1970-01-01,مقال ألماني منشور كإنجليزي ومتكرر على /de/: canonical للنسخة الألماني
H,german duplicate,discovered,200,https://egypttours-meritamun.com/kairo-und-luxor-tagesausfluege-ab-hurghada/,,1970-01-01,مقال ألماني منشور كإنجليزي ومتكرر على /de/: canonical للنسخة الألماني
H,german duplicate,discovered,200,https://egypttours-meritamun.com/katharinenkloster-und-berg-sinai-reisefuehrer/,,1970-01-01,مقال ألماني منشور كإنجليزي ومتكرر على /de/: canonical للنسخة الألماني
H,german duplicate,discovered,200,https://egypttours-meritamun.com/luxor-nach-assuan-die-ultimative-4-tage-route/,,1970-01-01,مقال ألماني منشور كإنجليزي ومتكرر على /de/: canonical للنسخة الألماني
H,german duplicate,discovered,200,https://egypttours-meritamun.com/luxus-gold-eleganz-auf-dem-nil/,,1970-01-01,مقال ألماني منشور كإنجليزي ومتكرر على /de/: canonical للنسخة الألماني
H,german duplicate,discovered,200,https://egypttours-meritamun.com/merit-in-der-aegyptischen-mythologie-bedeutung-schreibungen-und-reisebezug/,,1970-01-01,مقال ألماني منشور كإنجليزي ومتكرر على /de/: canonical للنسخة الألماني
H,german duplicate,discovered,200,https://egypttours-meritamun.com/ms-nile-crown-1-kabinen/,,1970-01-01,مقال ألماني منشور كإنجليزي ومتكرر على /de/: canonical للنسخة الألماني
H,german duplicate,discovered,200,https://egypttours-meritamun.com/ms-nile-excellence-kabinen/,,1970-01-01,مقال ألماني منشور كإنجليزي ومتكرر على /de/: canonical للنسخة الألماني
H,german duplicate,discovered,200,https://egypttours-meritamun.com/nachhaltigkeit-bei-meritamun-der-guide-fur-grunes-reisen-am-nil-2026/,,1970-01-01,مقال ألماني منشور كإنجليزي ومتكرر على /de/: canonical للنسخة الألماني
H,german duplicate,discovered,200,https://egypttours-meritamun.com/nilinsel-bei-assuan-kreuzwortraetsel-elephantine/,,1970-01-01,مقال ألماني منشور كإنجليزي ومتكرر على /de/: canonical للنسخة الألماني
H,german duplicate,discovered,200,https://egypttours-meritamun.com/nilkreuzfahrt-2026-so-planen-sie-die-richtige-reise-auf-dem-nil/,,1970-01-01,مقال ألماني منشور كإنجليزي ومتكرر على /de/: canonical للنسخة الألماني
H,german duplicate,discovered,200,https://egypttours-meritamun.com/nilkreuzfahrt-abu-simbel-route-dauer-kabinen-und-leistungen/,,1970-01-01,مقال ألماني منشور كإنجليزي ومتكرر على /de/: canonical للنسخة الألماني
H,german duplicate,discovered,200,https://egypttours-meritamun.com/nilkreuzfahrt-von-kairo-nach-luxor-praktischer-reisefuehrer/,,1970-01-01,مقال ألماني منشور كإنجليزي ومتكرر على /de/: canonical للنسخة الألماني
H,german duplicate,discovered,200,https://egypttours-meritamun.com/nour-el-nil-reiseroute-planen-itinerary/,,1970-01-01,مقال ألماني منشور كإنجليزي ومتكرر على /de/: canonical للنسخة الألماني
H,german duplicate,discovered,200,https://egypttours-meritamun.com/private-aegypten-rundreisen-aegyptologe-luxor-kairo-assuan/,,1970-01-01,مقال ألماني منشور كإنجليزي ومتكرر على /de/: canonical للنسخة الألماني
H,german duplicate,discovered,200,https://egypttours-meritamun.com/private-aegypten-touren-eigener-guide-fahrer-luxor-kairo-assuan/,,1970-01-01,مقال ألماني منشور كإنجليزي ومتكرر على /de/: canonical للنسخة الألماني
H,german duplicate,discovered,200,https://egypttours-meritamun.com/private-nilkreuzfahrt-luxor/,,1970-01-01,مقال ألماني منشور كإنجليزي ومتكرر على /de/: canonical للنسخة الألماني
H,german duplicate,discovered,200,https://egypttours-meritamun.com/schnorcheln-rotes-meer-marsa-alam-oder-sharm-el-sheikh/,,1970-01-01,مقال ألماني منشور كإنجليزي ومتكرر على /de/: canonical للنسخة الألماني
H,german duplicate,discovered,200,https://egypttours-meritamun.com/sicherheit-in-agypten-2026-ein-guide-fur-deutsche-reisende/,,1970-01-01,مقال ألماني منشور كإنجليزي ومتكرر على /de/: canonical للنسخة الألماني
H,german duplicate,discovered,200,https://egypttours-meritamun.com/transport-aegypten-praktischer-reisefuehrer/,,1970-01-01,مقال ألماني منشور كإنجليزي ومتكرر على /de/: canonical للنسخة الألماني
I,improve post,crawled,200,https://egypttours-meritamun.com/about-our-team/,,2026-08-08,مقال/صفحة: محتوى أقوى أو دمج مع الشبيه
I,improve post,crawled,200,https://egypttours-meritamun.com/private-egypt-tours-egyptologist-luxor-cairo-aswan/,,2026-09-10,مقال/صفحة: محتوى أقوى أو دمج مع الشبيه
I,improve post,discovered,200,https://egypttours-meritamun.com/10-day-egypt-escape-cairo-to-aswan-luxury-tour-package/,,1970-01-01,مقال/صفحة: محتوى أقوى أو دمج مع الشبيه
