post_id,root_url,canonical_url
6881,https://egypttours-meritamun.com/nilkreuzfahrt-guide-2026-der-ultimative-ratgeber/,https://egypttours-meritamun.com/de/nilkreuzfahrt-guide-2026-der-ultimative-ratgeber/
6887,https://egypttours-meritamun.com/private-nilkreuzfahrt-die-beste-wahl-2026/,https://egypttours-meritamun.com/de/private-nilkreuzfahrt-die-beste-wahl-2026/
6893,https://egypttours-meritamun.com/luxor-nach-assuan-die-ultimative-4-tage-route/,https://egypttours-meritamun.com/de/luxor-nach-assuan-die-ultimative-4-tage-route/
6899,https://egypttours-meritamun.com/sicherheit-in-agypten-2026-ein-guide-fur-deutsche-reisende/,https://egypttours-meritamun.com/de/sicherheit-in-agypten-2026-ein-guide-fur-deutsche-reisende/
6905,https://egypttours-meritamun.com/5-sterne-vs-luxus-nilkreuzfahrt-der-ultimative-vergleich-2026/,https://egypttours-meritamun.com/de/5-sterne-vs-luxus-nilkreuzfahrt-der-ultimative-vergleich-2026/
6909,https://egypttours-meritamun.com/die-beste-reisezeit-fur-eine-nilkreuzfahrt-der-ultimative-guide-2026/,https://egypttours-meritamun.com/de/die-beste-reisezeit-fur-eine-nilkreuzfahrt-der-ultimative-guide-2026/
6913,https://egypttours-meritamun.com/nachhaltigkeit-bei-meritamun-der-guide-fur-grunes-reisen-am-nil-2026/,https://egypttours-meritamun.com/de/nachhaltigkeit-bei-meritamun-der-guide-fur-grunes-reisen-am-nil-2026/
7331,https://egypttours-meritamun.com/private-luxor-tour-aegyptologe-eigener-fahrer/,https://egypttours-meritamun.com/de/private-luxor-tour-aegyptologe-eigener-fahrer/
7412,https://egypttours-meritamun.com/nilkreuzfahrt-abu-simbel-route-dauer-kabinen-und-leistungen/,https://egypttours-meritamun.com/de/nilkreuzfahrt-abu-simbel-route-dauer-kabinen-und-leistungen/
7413,https://egypttours-meritamun.com/abu-simbel-nilkreuzfahrt/,https://egypttours-meritamun.com/de/abu-simbel-nilkreuzfahrt/
7414,https://egypttours-meritamun.com/transport-aegypten-praktischer-reisefuehrer/,https://egypttours-meritamun.com/de/transport-aegypten-praktischer-reisefuehrer/
7415,https://egypttours-meritamun.com/nilkreuzfahrt-von-kairo-nach-luxor-praktischer-reisefuehrer/,https://egypttours-meritamun.com/de/nilkreuzfahrt-von-kairo-nach-luxor-praktischer-reisefuehrer/
7416,https://egypttours-meritamun.com/agypten-rundreise-privat-7-10-tage-mit-kairo-luxor-assuan-und-nilkreuz/,https://egypttours-meritamun.com/de/agypten-rundreise-privat-7-10-tage-mit-kairo-luxor-assuan-und-nilkreuz/
7439,https://egypttours-meritamun.com/2-tages-ausflug-nach-luxor-von-hurghada/,https://egypttours-meritamun.com/de/2-tages-ausflug-nach-luxor-von-hurghada/
7440,https://egypttours-meritamun.com/3-tage-reise-luxor-und-assuan-ab-marsa-alam/,https://egypttours-meritamun.com/de/3-tage-reise-luxor-und-assuan-ab-marsa-alam/
7574,https://egypttours-meritamun.com/5-sterne-nilkreuzfahrt/,https://egypttours-meritamun.com/de/5-sterne-nilkreuzfahrt/
7575,https://egypttours-meritamun.com/schaetze-aegyptens-tour/,https://egypttours-meritamun.com/de/schaetze-aegyptens-tour/
7588,https://egypttours-meritamun.com/luxus-nilkreuzfahrt/,https://egypttours-meritamun.com/de/luxus-nilkreuzfahrt/
7589,https://egypttours-meritamun.com/luxus-gold-eleganz-auf-dem-nil/,https://egypttours-meritamun.com/de/luxus-gold-eleganz-auf-dem-nil/
7601,https://egypttours-meritamun.com/merit-egypt-tours-reiseplanung/,https://egypttours-meritamun.com/de/merit-egypt-tours-reiseplanung/
7602,https://egypttours-meritamun.com/nilkreuzfahrt-2026-so-planen-sie-die-richtige-reise-auf-dem-nil/,https://egypttours-meritamun.com/de/nilkreuzfahrt-2026-so-planen-sie-die-richtige-reise-auf-dem-nil/
7603,https://egypttours-meritamun.com/nilinsel-bei-assuan-kreuzwortraetsel-elephantine/,https://egypttours-meritamun.com/de/nilinsel-bei-assuan-kreuzwortraetsel-elephantine/
7604,https://egypttours-meritamun.com/merit-in-der-aegyptischen-mythologie-bedeutung-schreibungen-und-reisebezug/,https://egypttours-meritamun.com/de/merit-in-der-aegyptischen-mythologie-bedeutung-schreibungen-und-reisebezug/
7675,https://egypttours-meritamun.com/aegypten-westliche-wueste-fayoum-bahariya-weisse-wueste/,https://egypttours-meritamun.com/de/aegypten-westliche-wueste-fayoum-bahariya-weisse-wueste/
7676,https://egypttours-meritamun.com/alexandria-tagesausfluege-ab-kairo-welche-tour/,https://egypttours-meritamun.com/de/alexandria-tagesausfluege-ab-kairo-welche-tour/
7677,https://egypttours-meritamun.com/dahabiya-nilkreuzfahrt-5-7-oder-8-naechte/,https://egypttours-meritamun.com/de/dahabiya-nilkreuzfahrt-5-7-oder-8-naechte/
7678,https://egypttours-meritamun.com/dendera-und-abydos-ab-luxor-halbtag-oder-ganztag/,https://egypttours-meritamun.com/de/dendera-und-abydos-ab-luxor-halbtag-oder-ganztag/
7679,https://egypttours-meritamun.com/jenseits-von-giza-sakkara-memphis-und-dahschur/,https://egypttours-meritamun.com/de/jenseits-von-giza-sakkara-memphis-und-dahschur/
7680,https://egypttours-meritamun.com/kairo-und-luxor-tagesausfluege-ab-hurghada/,https://egypttours-meritamun.com/de/kairo-und-luxor-tagesausfluege-ab-hurghada/
7681,https://egypttours-meritamun.com/katharinenkloster-und-berg-sinai-reisefuehrer/,https://egypttours-meritamun.com/de/katharinenkloster-und-berg-sinai-reisefuehrer/
7682,https://egypttours-meritamun.com/schnorcheln-rotes-meer-marsa-alam-oder-sharm-el-sheikh/,https://egypttours-meritamun.com/de/schnorcheln-rotes-meer-marsa-alam-oder-sharm-el-sheikh/
7683,https://egypttours-meritamun.com/nour-el-nil-reiseroute-planen-itinerary/,https://egypttours-meritamun.com/de/nour-el-nil-reiseroute-planen-itinerary/
7684,https://egypttours-meritamun.com/aegypten-zeitlose-schaetze-tour-planung/,https://egypttours-meritamun.com/de/aegypten-zeitlose-schaetze-tour-planung/
7685,https://egypttours-meritamun.com/belmond-nilkreuzfahrt/,https://egypttours-meritamun.com/de/belmond-nilkreuzfahrt/
7686,https://egypttours-meritamun.com/ms-nile-excellence-kabinen/,https://egypttours-meritamun.com/de/ms-nile-excellence-kabinen/
7729,https://egypttours-meritamun.com/ms-nile-crown-1-kabinen/,https://egypttours-meritamun.com/de/ms-nile-crown-1-kabinen/
7730,https://egypttours-meritamun.com/nilkreuzfahrt-vergleich-route-dauer-stil/,https://egypttours-meritamun.com/de/nilkreuzfahrt-vergleich-route-dauer-stil/
