old_link,new_link
https://egypttours-meritamun.com/10-day-tours-of-egypt/,https://egypttours-meritamun.com/10-day-egypt-escape-cairo-to-aswan-luxury-tour-package/
https://egypttours-meritamun.com/3-day-nile-cruises-from-luxor-to-aswan/,https://egypttours-meritamun.com/3-day-luxor-to-aswan-nile-cruise-iconic-stops-in-a-premium-journey/
https://egypttours-meritamun.com/3-days-private-tour-luxor-and-aswan/,https://egypttours-meritamun.com/3-days-private-tour-luxor-aswan-in-ultimate-comfort/
https://egypttours-meritamun.com/4-day-nile-cruise-aswan-to-luxor/,https://egypttours-meritamun.com/4-day-nile-cruise-aswan-to-luxor-downstream-with-premium-service/
https://egypttours-meritamun.com/4-day-nile-cruise-egypt/,https://egypttours-meritamun.com/4-day-nile-cruise-luxor-to-aswan-seamless-transfers/
https://egypttours-meritamun.com/4-day-nile-cruise-from-cairo-2/,https://egypttours-meritamun.com/4-day-cairo-to-the-nile-cruise-your-way-through-egypts-best-highlights/
https://egypttours-meritamun.com/4-day-nile-cruise-from-cairo-price/,https://egypttours-meritamun.com/4-day-nile-cruise-from-cairo-price-guide-packages-inclusions-value/
https://egypttours-meritamun.com/4-day-nile-cruise-from-cairo/,https://egypttours-meritamun.com/4-day-nile-cruise-from-cairo-price-guide-packages-inclusions-value/
https://egypttours-meritamun.com/4-day-nile-cruise-luxor-to-aswan/,https://egypttours-meritamun.com/4-day-nile-cruise-luxor-to-aswan-seamless-transfers/
https://egypttours-meritamun.com/4-day-nile-cruise/,https://egypttours-meritamun.com/4-day-nile-cruise-aswan-to-luxor-downstream-with-premium-service/
https://egypttours-meritamun.com/4-day-nile-cruises-luxury/,https://egypttours-meritamun.com/4-day-nile-river-cruises-choose-your-luxury-route-with-expert-tour-hosts/
https://egypttours-meritamun.com/4-day-nile-cruises/,https://egypttours-meritamun.com/4-day-nile-river-cruises-choose-your-luxury-route-with-expert-tour-hosts/
https://egypttours-meritamun.com/4-day-nile-river-cruise-premium/,https://egypttours-meritamun.com/4-day-nile-cruise-aswan-to-luxor-downstream-with-premium-service/
https://egypttours-meritamun.com/4-day-nile-river-cruises/,https://egypttours-meritamun.com/4-day-nile-river-cruises-choose-your-luxury-route-with-expert-tour-hosts/
https://egypttours-meritamun.com/4-days-egypt-short-holidays-packages/,https://egypttours-meritamun.com/4-days-egypt-short-holiday-packages-best-of-cairo-the-nile-in-just-one-escape/
https://egypttours-meritamun.com/4-days-nile-river-cruise/,https://egypttours-meritamun.com/4-days-nile-river-cruise-private-tours-luxury-cabins-classic-egypt-moments/
https://egypttours-meritamun.com/4-nights-egypt-package/,https://egypttours-meritamun.com/tours/
https://egypttours-meritamun.com/5-day-egypt-tour/,https://egypttours-meritamun.com/5-day-egypt-tour-the-ultimate-first-timer-route-with-guided-comfort/
https://egypttours-meritamun.com/5-day-luxury-tour-egypt-cost/,https://egypttours-meritamun.com/5-day-luxury-tour-egypt-cost-what-you-pay-for-vip-comfort-value/
https://egypttours-meritamun.com/5-day-luxury-tour-egypt-price/,https://egypttours-meritamun.com/best-time-to-book-a-5-day-luxury-egypt-tour-save-more-get-better-departures/
https://egypttours-meritamun.com/5-day-luxury-tour-egypt/,https://egypttours-meritamun.com/5-day-luxury-tour-egypt-cost-what-you-pay-for-vip-comfort-value/
https://egypttours-meritamun.com/5-day-nile-cruise-aswan-to-luxor/,https://egypttours-meritamun.com/5-day-nile-cruise-luxor-to-aswan-temples-views-unforgettable-nights/
https://egypttours-meritamun.com/5-day-nile-cruise-from-cairo/,https://egypttours-meritamun.com/5-day-nile-cruise-luxor-to-aswan-temples-views-unforgettable-nights/
https://egypttours-meritamun.com/5-day-nile-cruise-from-uk/,https://egypttours-meritamun.com/5-day-nile-cruise-from-the-uk-luxury-egypt-escape-book-your-dates/
https://egypttours-meritamun.com/5-day-nile-cruise-luxor-to-aswan/,https://egypttours-meritamun.com/5-day-nile-cruise-luxor-to-aswan-temples-views-unforgettable-nights/
https://egypttours-meritamun.com/5-star-aswan-to-luxor-nile-cruise-unforgettable-temples-sunsets-seamless-travel/,https://egypttours-meritamun.com/book-a-5-star-aswan-luxor-nile-cruise-what-youll-see-whats-included-why-its-worth-it/
https://egypttours-meritamun.com/5-star-deluxe-nile-cruise-elevate-your-egypt-holiday-in-style/,https://egypttours-meritamun.com/top-5-star-nile-cruises-in-egypt-compare-ships-routes-luxury-inclusions-fast/
https://egypttours-meritamun.com/5-star-deluxe-nile-cruise-ships-facilities-dining-onboard-comfort/,https://egypttours-meritamun.com/5-star-nile-cruise-rooms-choose-the-perfect-cabin-for-comfort-views-relaxation/
https://egypttours-meritamun.com/5-star-deluxe-nile-cruise-ships/,https://egypttours-meritamun.com/5-star-nile-cruise-rooms-choose-the-perfect-cabin-for-comfort-views-relaxation/
https://egypttours-meritamun.com/5-star-deluxe-nile-cruise/,https://egypttours-meritamun.com/top-5-star-nile-cruises-in-egypt-compare-ships-routes-luxury-inclusions-fast/
https://egypttours-meritamun.com/5-star-deluxe-nile-cruises/,https://egypttours-meritamun.com/top-5-star-nile-cruises-in-egypt-compare-ships-routes-luxury-inclusions-fast/
https://egypttours-meritamun.com/5-star-luxury-nile-cruise-premium-service-best-views-top-tier-comfort/,https://egypttours-meritamun.com/top-5-star-nile-cruises-in-egypt-compare-ships-routes-luxury-inclusions-fast/
https://egypttours-meritamun.com/5-star-luxury-nile-cruise/,https://egypttours-meritamun.com/top-5-star-nile-cruises-in-egypt-compare-ships-routes-luxury-inclusions-fast/
https://egypttours-meritamun.com/5-star-luxury-nile-cruises-the-most-luxurious-ways-to-sail-egypt/,https://egypttours-meritamun.com/top-5-star-nile-cruises-in-egypt-compare-ships-routes-luxury-inclusions-fast/
https://egypttours-meritamun.com/5-star-luxury-nile-cruises/,https://egypttours-meritamun.com/top-5-star-nile-cruises-in-egypt-compare-ships-routes-luxury-inclusions-fast/
https://egypttours-meritamun.com/5-star-nile-cruise-boats-choose-your-ship-cabin-and-cruise-style/,https://egypttours-meritamun.com/5-star-nile-cruise-rooms-choose-the-perfect-cabin-for-comfort-views-relaxation/
https://egypttours-meritamun.com/5-star-nile-cruise-boats/,https://egypttours-meritamun.com/5-star-nile-cruise-rooms-choose-the-perfect-cabin-for-comfort-views-relaxation/
https://egypttours-meritamun.com/5-star-nile-cruise-book-a-seamless-egypt-getaway-with-unmatched-value/,https://egypttours-meritamun.com/book-a-5-star-aswan-luxor-nile-cruise-what-youll-see-whats-included-why-its-worth-it/
https://egypttours-meritamun.com/5-star-nile-cruise-egypt-luxury-itinerary/,https://egypttours-meritamun.com/book-a-5-star-aswan-luxor-nile-cruise-what-youll-see-whats-included-why-its-worth-it/
https://egypttours-meritamun.com/5-star-nile-cruise-from-aswan-to-luxor/,https://egypttours-meritamun.com/book-a-5-star-aswan-luxor-nile-cruise-what-youll-see-whats-included-why-its-worth-it/
https://egypttours-meritamun.com/5-star-nile-cruise-rooms/,https://egypttours-meritamun.com/5-star-nile-cruise-rooms-choose-the-perfect-cabin-for-comfort-views-relaxation/
https://egypttours-meritamun.com/5-star-nile-cruise-ships-modern-fleets-premium-facilities-the-best-views/,https://egypttours-meritamun.com/5-star-nile-cruise-rooms-choose-the-perfect-cabin-for-comfort-views-relaxation/
https://egypttours-meritamun.com/5-star-nile-cruise-ships/,https://egypttours-meritamun.com/5-star-nile-cruise-rooms-choose-the-perfect-cabin-for-comfort-views-relaxation/
https://egypttours-meritamun.com/5-star-nile-cruise-the-classic-egypt-experience-with-hotel-quality-comfort/,https://egypttours-meritamun.com/top-5-star-nile-cruises-in-egypt-compare-ships-routes-luxury-inclusions-fast/
https://egypttours-meritamun.com/5-star-nile-cruise-value/,https://egypttours-meritamun.com/top-5-star-nile-cruises-in-egypt-compare-ships-routes-luxury-inclusions-fast/
https://egypttours-meritamun.com/5-star-nile-cruise/,https://egypttours-meritamun.com/top-5-star-nile-cruises-in-egypt-compare-ships-routes-luxury-inclusions-fast/
https://egypttours-meritamun.com/5-star-nile-river-cruise-relax-on-the-water-while-egypts-icons-come-to-life/,https://egypttours-meritamun.com/top-5-star-nile-cruises-in-egypt-compare-ships-routes-luxury-inclusions-fast/
https://egypttours-meritamun.com/5-star-nile-river-cruise/,https://egypttours-meritamun.com/top-5-star-nile-cruises-in-egypt-compare-ships-routes-luxury-inclusions-fast/
https://egypttours-meritamun.com/5-star-standard-nile-cruise-best-value-luxury-for-first-time-egypt-travelers/,https://egypttours-meritamun.com/top-5-star-nile-cruises-in-egypt-compare-ships-routes-luxury-inclusions-fast/
https://egypttours-meritamun.com/5-star-standard-nile-cruise/,https://egypttours-meritamun.com/top-5-star-nile-cruises-in-egypt-compare-ships-routes-luxury-inclusions-fast/
https://egypttours-meritamun.com/5-star-super-deluxe-nile-cruise-upgrade-to-the-highest-luxury-experience-on-the-nile/,https://egypttours-meritamun.com/top-5-star-nile-cruises-in-egypt-compare-ships-routes-luxury-inclusions-fast/
https://egypttours-meritamun.com/5-star-super-deluxe-nile-cruise/,https://egypttours-meritamun.com/top-5-star-nile-cruises-in-egypt-compare-ships-routes-luxury-inclusions-fast/
https://egypttours-meritamun.com/5-stars-nile-cruise-value-guide/,https://egypttours-meritamun.com/top-5-star-nile-cruises-in-egypt-compare-ships-routes-luxury-inclusions-fast/
https://egypttours-meritamun.com/5-stars-nile-cruise-what-5-star-really-means-for-comfort-service-value/,https://egypttours-meritamun.com/top-5-star-nile-cruises-in-egypt-compare-ships-routes-luxury-inclusions-fast/
https://egypttours-meritamun.com/aegyptologe-guide,https://egypttours-meritamun.com/private-luxor-tour-aegyptologe-eigener-fahrer/
https://egypttours-meritamun.com/aegyptologie-guide,https://egypttours-meritamun.com/private-luxor-tour-aegyptologe-eigener-fahrer/
https://egypttours-meritamun.com/aswan-sightseeing-luxury-tour/,https://egypttours-meritamun.com/10-day-egypt-escape-cairo-to-aswan-luxury-tour-package/
https://egypttours-meritamun.com/best-luxury-nile-cruise-for-families/,https://egypttours-meritamun.com/top-5-star-nile-cruises-in-egypt-compare-ships-routes-luxury-inclusions-fast/
https://egypttours-meritamun.com/best-time-to-book-5-day-luxury-egypt-tour/,https://egypttours-meritamun.com/best-time-to-book-a-5-day-luxury-egypt-tour-save-more-get-better-departures/
https://egypttours-meritamun.com/book-5-star-aswan-luxor-nile-cruise/,https://egypttours-meritamun.com/book-a-5-star-aswan-luxor-nile-cruise-what-youll-see-whats-included-why-its-worth-it/
https://egypttours-meritamun.com/category/blog/page/1/,https://egypttours-meritamun.com/category/blog/
https://egypttours-meritamun.com/compare-5-star-deluxe-nile-cruises-choose-the-perfect-ship-dates/,https://egypttours-meritamun.com/top-5-star-nile-cruises-in-egypt-compare-ships-routes-luxury-inclusions-fast/
https://egypttours-meritamun.com/contact,https://egypttours-meritamun.com/contact/
https://egypttours-meritamun.com/contact-us/,https://egypttours-meritamun.com/contact/
https://egypttours-meritamun.com/egypt-luxury-hotel-near-nile-cruise/,https://egypttours-meritamun.com/egypt-luxury-hotels-near-the-nile-stay-close-travel-smarter-enjoy-more-egypt-nights/
https://egypttours-meritamun.com/egypt-tour-packages/,https://egypttours-meritamun.com/tours/
https://egypttours-meritamun.com/five-star-nile-cruise-aswan-luxor/,https://egypttours-meritamun.com/book-a-5-star-aswan-luxor-nile-cruise-what-youll-see-whats-included-why-its-worth-it/
https://egypttours-meritamun.com/kontakt,https://egypttours-meritamun.com/de/contact/
https://egypttours-meritamun.com/luxor-private-tour,https://egypttours-meritamun.com/luxor-private-tours-with-a-dedicated-guide-valley-of-the-kings-temples-vip-access/
https://egypttours-meritamun.com/luxor-private-tours,https://egypttours-meritamun.com/luxor-private-tours-with-a-dedicated-guide-valley-of-the-kings-temples-vip-access/
https://egypttours-meritamun.com/luxor-private-tours-with-guide/,https://egypttours-meritamun.com/luxor-private-tours-with-a-dedicated-guide-valley-of-the-kings-temples-vip-access/
https://egypttours-meritamun.com/luxor-temple-tours,https://egypttours-meritamun.com/luxor-private-tours-with-a-dedicated-guide-valley-of-the-kings-temples-vip-access/
https://egypttours-meritamun.com/luxor-tours,https://egypttours-meritamun.com/luxor-private-tours-with-a-dedicated-guide-valley-of-the-kings-temples-vip-access/
https://egypttours-meritamun.com/luxury-egypt-tours-guide/,https://egypttours-meritamun.com/luxury-egypt-tours-guide-5-days-choose-your-perfect-nile-temple-experience/
https://egypttours-meritamun.com/private-aegypten-rundreisen,https://egypttours-meritamun.com/private-aegypten-rundreisen-aegyptologe-luxor-kairo-assuan/
https://egypttours-meritamun.com/private-egypt-day-tours-from-cairo/,https://egypttours-meritamun.com/private-egypt-tours-egyptologist-luxor-cairo-aswan/
https://egypttours-meritamun.com/private-luxor-tour,https://egypttours-meritamun.com/private-luxor-tour-aegyptologe-eigener-fahrer/
https://egypttours-meritamun.com/private-nilkreuzfahrt,https://egypttours-meritamun.com/private-nilkreuzfahrt-die-beste-wahl-2026/
https://egypttours-meritamun.com/reisefuehrer-aegypten,https://egypttours-meritamun.com/transport-aegypten-praktischer-reisefuehrer/
https://egypttours-meritamun.com/reisefuehrer-luxor,https://egypttours-meritamun.com/nilkreuzfahrt-von-kairo-nach-luxor-praktischer-reisefuehrer/
https://egypttours-meritamun.com/top-5-star-nile-cruises-egypt/,https://egypttours-meritamun.com/top-5-star-nile-cruises-in-egypt-compare-ships-routes-luxury-inclusions-fast/
https://egypttours-meritamun.com/tour-category/day-tour/page/1/,https://egypttours-meritamun.com/tour-category/day-tour/
https://egypttours-meritamun.com/tour-destination/aswan/page/1/,https://egypttours-meritamun.com/tour-destination/aswan/
https://egypttours-meritamun.com/tour-destination/cairo/page/1/,https://egypttours-meritamun.com/tour-destination/cairo/
https://egypttours-meritamun.com/tour-destination/luxor/page/1/,https://egypttours-meritamun.com/tour-destination/luxor/
https://egypttours-meritamun.com/tour/alexandria-day-tour-from-cairo-catacombs-qaitbay-citadel,https://egypttours-meritamun.com/tour/alexandria-day-tour-from-cairo-catacombs-qaitbay-citadel/
https://egypttours-meritamun.com/tour/cairo-alexandria-tour-4-days-of-pyramids-and-coast,https://egypttours-meritamun.com/tour/cairo-alexandria-tour-4-days-of-pyramids-and-coast/
https://egypttours-meritamun.com/tour/cairo-to-luxor-package-by-air-4-nights-5-days/,https://egypttours-meritamun.com/tour/cairo-luxor-package-by-air-4-nights-5-days/
https://egypttours-meritamun.com/tour/dahabiya-nile-boat-from-luxor-to-aswan-5-night-6-day/,https://egypttours-meritamun.com/tour/dahabiya-nile-cruise-luxor-to-aswan-5-nights-sailing/
https://egypttours-meritamun.com/tour/day-tour-aswan-philae-templeobeliskhigh-dam,https://egypttours-meritamun.com/tour/day-tour-aswan-philae-templeobeliskhigh-dam/
https://egypttours-meritamun.com/tour/day-tour-luxor-east-and-west-bank-2/,https://egypttours-meritamun.com/tour/day-tour-luxor-east-and-west-bank/
https://egypttours-meritamun.com/tour/day-tour-luxor-west-bank,https://egypttours-meritamun.com/tour/day-tour-luxor-east-and-west-bank/
https://egypttours-meritamun.com/tour/day-tour-luxor-west-bank/,https://egypttours-meritamun.com/tour/day-tour-luxor-east-and-west-bank/
https://egypttours-meritamun.com/tour/day-tour-to-alexandria-from-cairo-spiritual,https://egypttours-meritamun.com/tour/day-tour-to-alexandria-from-cairo-spiritual/
https://egypttours-meritamun.com/tour/egypt-discovery-tour-9-night-10-day/,https://egypttours-meritamun.com/tour/egypt-discovery-tour-9-nights-10-days-private-itinerary/
https://egypttours-meritamun.com/tour/luxor-hot-air-balloon-ride,https://egypttours-meritamun.com/tour/luxor-hot-air-balloon-ride/
https://egypttours-meritamun.com/tour/nile-cruise-sail-along-the-nile-from-abu-simbel-to-aswan-3-nights-4-days/,https://egypttours-meritamun.com/tour/lake-nasser-cruise-abu-simbel-to-aswan-3-nights/
https://egypttours-meritamun.com/tours/page/1/,https://egypttours-meritamun.com/tours/
https://egypttours-meritamun.com/valley-of-the-kings-tours,https://egypttours-meritamun.com/luxor-private-tours-with-a-dedicated-guide-valley-of-the-kings-temples-vip-access/
https://egypttours-meritamun.com/your-ultimate-5-star-nile-cruise-in-egypt-luxury-itinerary-included-extras-booking-tips/,https://egypttours-meritamun.com/book-a-5-star-aswan-luxor-nile-cruise-what-youll-see-whats-included-why-its-worth-it/
