post_id,slug,merged_into
6993,5-star-super-deluxe-nile-cruise-upgrade-to-the-highest-luxury-experience-on-the-nile,top-5-star-nile-cruises-in-egypt-compare-ships-routes-luxury-inclusions-fast
6991,5-stars-nile-cruise-what-5-star-really-means-for-comfort-service-value,top-5-star-nile-cruises-in-egypt-compare-ships-routes-luxury-inclusions-fast
6979,5-star-luxury-nile-cruises-the-most-luxurious-ways-to-sail-egypt,top-5-star-nile-cruises-in-egypt-compare-ships-routes-luxury-inclusions-fast
6978,5-star-luxury-nile-cruise-premium-service-best-views-top-tier-comfort,top-5-star-nile-cruises-in-egypt-compare-ships-routes-luxury-inclusions-fast
6976,compare-5-star-deluxe-nile-cruises-choose-the-perfect-ship-dates,top-5-star-nile-cruises-in-egypt-compare-ships-routes-luxury-inclusions-fast
6975,5-star-deluxe-nile-cruise-elevate-your-egypt-holiday-in-style,top-5-star-nile-cruises-in-egypt-compare-ships-routes-luxury-inclusions-fast
6992,5-star-standard-nile-cruise-best-value-luxury-for-first-time-egypt-travelers,top-5-star-nile-cruises-in-egypt-compare-ships-routes-luxury-inclusions-fast
6990,5-star-nile-river-cruise-relax-on-the-water-while-egypts-icons-come-to-life,top-5-star-nile-cruises-in-egypt-compare-ships-routes-luxury-inclusions-fast
6980,5-star-nile-cruise-the-classic-egypt-experience-with-hotel-quality-comfort,top-5-star-nile-cruises-in-egypt-compare-ships-routes-luxury-inclusions-fast
6989,5-star-nile-cruise-ships-modern-fleets-premium-facilities-the-best-views,5-star-nile-cruise-rooms-choose-the-perfect-cabin-for-comfort-views-relaxation
6977,5-star-deluxe-nile-cruise-ships-facilities-dining-onboard-comfort,5-star-nile-cruise-rooms-choose-the-perfect-cabin-for-comfort-views-relaxation
6982,5-star-nile-cruise-boats-choose-your-ship-cabin-and-cruise-style,5-star-nile-cruise-rooms-choose-the-perfect-cabin-for-comfort-views-relaxation
6984,your-ultimate-5-star-nile-cruise-in-egypt-luxury-itinerary-included-extras-booking-tips,book-a-5-star-aswan-luxor-nile-cruise-what-youll-see-whats-included-why-its-worth-it
6981,5-star-nile-cruise-book-a-seamless-egypt-getaway-with-unmatched-value,book-a-5-star-aswan-luxor-nile-cruise-what-youll-see-whats-included-why-its-worth-it
7551,five-star-nile-cruise-aswan-luxor,book-a-5-star-aswan-luxor-nile-cruise-what-youll-see-whats-included-why-its-worth-it
6985,5-star-aswan-to-luxor-nile-cruise-unforgettable-temples-sunsets-seamless-travel,book-a-5-star-aswan-luxor-nile-cruise-what-youll-see-whats-included-why-its-worth-it
