order,search_for,replace_with
1,egypttours-meritamun.com//,egypttours-meritamun.com/
2,https://egypttours-meritamun.com/5-star-super-deluxe-nile-cruise-upgrade-to-the-highest-luxury-experience-on-the-nile/,https://egypttours-meritamun.com/top-5-star-nile-cruises-in-egypt-compare-ships-routes-luxury-inclusions-fast/
3,https://egypttours-meritamun.com/5-stars-nile-cruise-what-5-star-really-means-for-comfort-service-value/,https://egypttours-meritamun.com/top-5-star-nile-cruises-in-egypt-compare-ships-routes-luxury-inclusions-fast/
4,https://egypttours-meritamun.com/5-star-luxury-nile-cruises-the-most-luxurious-ways-to-sail-egypt/,https://egypttours-meritamun.com/top-5-star-nile-cruises-in-egypt-compare-ships-routes-luxury-inclusions-fast/
5,https://egypttours-meritamun.com/5-star-luxury-nile-cruise-premium-service-best-views-top-tier-comfort/,https://egypttours-meritamun.com/top-5-star-nile-cruises-in-egypt-compare-ships-routes-luxury-inclusions-fast/
6,https://egypttours-meritamun.com/compare-5-star-deluxe-nile-cruises-choose-the-perfect-ship-dates/,https://egypttours-meritamun.com/top-5-star-nile-cruises-in-egypt-compare-ships-routes-luxury-inclusions-fast/
7,https://egypttours-meritamun.com/5-star-deluxe-nile-cruise-elevate-your-egypt-holiday-in-style/,https://egypttours-meritamun.com/top-5-star-nile-cruises-in-egypt-compare-ships-routes-luxury-inclusions-fast/
8,https://egypttours-meritamun.com/5-star-standard-nile-cruise-best-value-luxury-for-first-time-egypt-travelers/,https://egypttours-meritamun.com/top-5-star-nile-cruises-in-egypt-compare-ships-routes-luxury-inclusions-fast/
9,https://egypttours-meritamun.com/5-star-nile-river-cruise-relax-on-the-water-while-egypts-icons-come-to-life/,https://egypttours-meritamun.com/top-5-star-nile-cruises-in-egypt-compare-ships-routes-luxury-inclusions-fast/
10,https://egypttours-meritamun.com/5-star-nile-cruise-the-classic-egypt-experience-with-hotel-quality-comfort/,https://egypttours-meritamun.com/top-5-star-nile-cruises-in-egypt-compare-ships-routes-luxury-inclusions-fast/
11,https://egypttours-meritamun.com/5-star-nile-cruise-ships-modern-fleets-premium-facilities-the-best-views/,https://egypttours-meritamun.com/5-star-nile-cruise-rooms-choose-the-perfect-cabin-for-comfort-views-relaxation/
12,https://egypttours-meritamun.com/5-star-deluxe-nile-cruise-ships-facilities-dining-onboard-comfort/,https://egypttours-meritamun.com/5-star-nile-cruise-rooms-choose-the-perfect-cabin-for-comfort-views-relaxation/
13,https://egypttours-meritamun.com/5-star-nile-cruise-boats-choose-your-ship-cabin-and-cruise-style/,https://egypttours-meritamun.com/5-star-nile-cruise-rooms-choose-the-perfect-cabin-for-comfort-views-relaxation/
14,https://egypttours-meritamun.com/your-ultimate-5-star-nile-cruise-in-egypt-luxury-itinerary-included-extras-booking-tips/,https://egypttours-meritamun.com/book-a-5-star-aswan-luxor-nile-cruise-what-youll-see-whats-included-why-its-worth-it/
15,https://egypttours-meritamun.com/5-star-nile-cruise-book-a-seamless-egypt-getaway-with-unmatched-value/,https://egypttours-meritamun.com/book-a-5-star-aswan-luxor-nile-cruise-what-youll-see-whats-included-why-its-worth-it/
16,https://egypttours-meritamun.com/five-star-nile-cruise-aswan-luxor/,https://egypttours-meritamun.com/book-a-5-star-aswan-luxor-nile-cruise-what-youll-see-whats-included-why-its-worth-it/
17,https://egypttours-meritamun.com/5-star-aswan-to-luxor-nile-cruise-unforgettable-temples-sunsets-seamless-travel/,https://egypttours-meritamun.com/book-a-5-star-aswan-luxor-nile-cruise-what-youll-see-whats-included-why-its-worth-it/
18,https://egypttours-meritamun.com/5-star-deluxe-nile-cruise/,https://egypttours-meritamun.com/top-5-star-nile-cruises-in-egypt-compare-ships-routes-luxury-inclusions-fast/
19,https://egypttours-meritamun.com/5-star-deluxe-nile-cruise-ships/,https://egypttours-meritamun.com/5-star-nile-cruise-rooms-choose-the-perfect-cabin-for-comfort-views-relaxation/
20,https://egypttours-meritamun.com/5-star-deluxe-nile-cruises/,https://egypttours-meritamun.com/top-5-star-nile-cruises-in-egypt-compare-ships-routes-luxury-inclusions-fast/
21,https://egypttours-meritamun.com/5-star-luxury-nile-cruise/,https://egypttours-meritamun.com/top-5-star-nile-cruises-in-egypt-compare-ships-routes-luxury-inclusions-fast/
22,https://egypttours-meritamun.com/5-star-luxury-nile-cruises/,https://egypttours-meritamun.com/top-5-star-nile-cruises-in-egypt-compare-ships-routes-luxury-inclusions-fast/
23,https://egypttours-meritamun.com/5-star-nile-cruise/,https://egypttours-meritamun.com/top-5-star-nile-cruises-in-egypt-compare-ships-routes-luxury-inclusions-fast/
24,https://egypttours-meritamun.com/5-star-nile-cruise-boats/,https://egypttours-meritamun.com/5-star-nile-cruise-rooms-choose-the-perfect-cabin-for-comfort-views-relaxation/
25,https://egypttours-meritamun.com/5-star-nile-cruise-egypt-luxury-itinerary/,https://egypttours-meritamun.com/book-a-5-star-aswan-luxor-nile-cruise-what-youll-see-whats-included-why-its-worth-it/
26,https://egypttours-meritamun.com/5-star-nile-cruise-from-aswan-to-luxor/,https://egypttours-meritamun.com/book-a-5-star-aswan-luxor-nile-cruise-what-youll-see-whats-included-why-its-worth-it/
27,https://egypttours-meritamun.com/5-star-nile-cruise-rooms/,https://egypttours-meritamun.com/5-star-nile-cruise-rooms-choose-the-perfect-cabin-for-comfort-views-relaxation/
28,https://egypttours-meritamun.com/5-star-nile-cruise-ships/,https://egypttours-meritamun.com/5-star-nile-cruise-rooms-choose-the-perfect-cabin-for-comfort-views-relaxation/
29,https://egypttours-meritamun.com/5-star-nile-cruise-value/,https://egypttours-meritamun.com/top-5-star-nile-cruises-in-egypt-compare-ships-routes-luxury-inclusions-fast/
30,https://egypttours-meritamun.com/5-star-nile-river-cruise/,https://egypttours-meritamun.com/top-5-star-nile-cruises-in-egypt-compare-ships-routes-luxury-inclusions-fast/
31,https://egypttours-meritamun.com/5-star-standard-nile-cruise/,https://egypttours-meritamun.com/top-5-star-nile-cruises-in-egypt-compare-ships-routes-luxury-inclusions-fast/
32,https://egypttours-meritamun.com/5-star-super-deluxe-nile-cruise/,https://egypttours-meritamun.com/top-5-star-nile-cruises-in-egypt-compare-ships-routes-luxury-inclusions-fast/
33,https://egypttours-meritamun.com/5-stars-nile-cruise-value-guide/,https://egypttours-meritamun.com/top-5-star-nile-cruises-in-egypt-compare-ships-routes-luxury-inclusions-fast/
34,https://egypttours-meritamun.com/best-luxury-nile-cruise-for-families/,https://egypttours-meritamun.com/top-5-star-nile-cruises-in-egypt-compare-ships-routes-luxury-inclusions-fast/
35,https://egypttours-meritamun.com/book-5-star-aswan-luxor-nile-cruise/,https://egypttours-meritamun.com/book-a-5-star-aswan-luxor-nile-cruise-what-youll-see-whats-included-why-its-worth-it/
36,https://egypttours-meritamun.com/top-5-star-nile-cruises-egypt/,https://egypttours-meritamun.com/top-5-star-nile-cruises-in-egypt-compare-ships-routes-luxury-inclusions-fast/
