broken_or_redirecting_link,correct_final_url,hops,pages_linking,example_source_pages
https://egypttours-meritamun.com/tour/day-tour-luxor-east-and-west-bank-2/,https://egypttours-meritamun.com/tour/day-tour-luxor-east-and-west-bank/,1,186,https://egypttours-meritamun.com | https://egypttours-meritamun.com/ | https://egypttours-meritamun.com/10-day-egypt-escape-cairo-to-aswan-luxury-tour-package/ | https://egypttours-meritamun.com/2-tages-ausflug-nach-luxor-von-hurghada/ | https://egypttours-meritamun.com/3-day-luxor-to-aswan-nile-cruise-iconic-stops-in-a-premium-journey/
https://egypttours-meritamun.com/tour/day-tour-luxor-west-bank/,https://egypttours-meritamun.com/tour/day-tour-luxor-east-and-west-bank/,2,184,https://egypttours-meritamun.com | https://egypttours-meritamun.com/ | https://egypttours-meritamun.com/10-day-egypt-escape-cairo-to-aswan-luxury-tour-package/ | https://egypttours-meritamun.com/2-tages-ausflug-nach-luxor-von-hurghada/ | https://egypttours-meritamun.com/3-day-luxor-to-aswan-nile-cruise-iconic-stops-in-a-premium-journey/
https://egypttours-meritamun.com/de/tour/day-tour-luxor-east-and-west-bank-2/,https://egypttours-meritamun.com/de/tour/day-tour-luxor-east-and-west-bank/,1,126,https://egypttours-meritamun.com/de/ | https://egypttours-meritamun.com/de/3-days-private-tour-luxor-aswan-in-ultimate-comfort/ | https://egypttours-meritamun.com/de/4-day-cairo-to-the-nile-cruise-your-way-through-egypts-best-highlights/ | https://egypttours-meritamun.com/de/4-day-nile-cruise-from-cairo-price-guide-packages-inclusions-value/ | https://egypttours-meritamun.com/de/4-day-nile-cruise-the-perfect-blend-of-wonders-relaxation/
https://egypttours-meritamun.com/de/tour/day-tour-luxor-west-bank/,https://egypttours-meritamun.com/de/tour/day-tour-luxor-east-and-west-bank/,2,125,https://egypttours-meritamun.com/de/ | https://egypttours-meritamun.com/de/3-days-private-tour-luxor-aswan-in-ultimate-comfort/ | https://egypttours-meritamun.com/de/4-day-cairo-to-the-nile-cruise-your-way-through-egypts-best-highlights/ | https://egypttours-meritamun.com/de/4-day-nile-cruise-from-cairo-price-guide-packages-inclusions-value/ | https://egypttours-meritamun.com/de/4-day-nile-cruise-the-perfect-blend-of-wonders-relaxation/
https://egypttours-meritamun.com/author/egyptianemam25/,https://egypttours-meritamun.com,1,94,https://egypttours-meritamun.com/10-day-egypt-escape-cairo-to-aswan-luxury-tour-package/ | https://egypttours-meritamun.com/2-tages-ausflug-nach-luxor-von-hurghada/ | https://egypttours-meritamun.com/3-day-luxor-to-aswan-nile-cruise-iconic-stops-in-a-premium-journey/ | https://egypttours-meritamun.com/3-days-private-tour-luxor-aswan-in-ultimate-comfort/ | https://egypttours-meritamun.com/3-tage-reise-luxor-und-assuan-ab-marsa-alam/
https://egypttours-meritamun.com//4-day-nile-cruise/,https://egypttours-meritamun.com/4-day-nile-cruise-aswan-to-luxor-downstream-with-premium-service/,1,10,https://egypttours-meritamun.com/10-day-egypt-escape-cairo-to-aswan-luxury-tour-package/ | https://egypttours-meritamun.com/3-day-luxor-to-aswan-nile-cruise-iconic-stops-in-a-premium-journey/ | https://egypttours-meritamun.com/3-days-private-tour-luxor-aswan-in-ultimate-comfort/ | https://egypttours-meritamun.com/4-day-nile-cruise-aswan-to-luxor-downstream-with-premium-service/ | https://egypttours-meritamun.com/4-day-nile-cruise-from-cairo-price-guide-packages-inclusions-value/
https://egypttours-meritamun.com//5-stars-nile-cruise-value-guide/,https://egypttours-meritamun.com/5-stars-nile-cruise-what-5-star-really-means-for-comfort-service-value/,2,8,https://egypttours-meritamun.com/5-star-aswan-to-luxor-nile-cruise-unforgettable-temples-sunsets-seamless-travel/ | https://egypttours-meritamun.com/5-star-nile-cruise-rooms-choose-the-perfect-cabin-for-comfort-views-relaxation/ | https://egypttours-meritamun.com/5-star-nile-cruise-ships-modern-fleets-premium-facilities-the-best-views/ | https://egypttours-meritamun.com/5-star-nile-river-cruise-relax-on-the-water-while-egypts-icons-come-to-life/ | https://egypttours-meritamun.com/5-star-super-deluxe-nile-cruise-upgrade-to-the-highest-luxury-experience-on-the-nile/
https://egypttours-meritamun.com//top-5-star-nile-cruises-egypt/,https://egypttours-meritamun.com/top-5-star-nile-cruises-in-egypt-compare-ships-routes-luxury-inclusions-fast/,2,8,https://egypttours-meritamun.com/5-star-aswan-to-luxor-nile-cruise-unforgettable-temples-sunsets-seamless-travel/ | https://egypttours-meritamun.com/5-star-nile-cruise-rooms-choose-the-perfect-cabin-for-comfort-views-relaxation/ | https://egypttours-meritamun.com/5-star-nile-cruise-ships-modern-fleets-premium-facilities-the-best-views/ | https://egypttours-meritamun.com/5-star-nile-river-cruise-relax-on-the-water-while-egypts-icons-come-to-life/ | https://egypttours-meritamun.com/5-star-super-deluxe-nile-cruise-upgrade-to-the-highest-luxury-experience-on-the-nile/
https://egypttours-meritamun.com//book-5-star-aswan-luxor-nile-cruise/,https://egypttours-meritamun.com/book-a-5-star-aswan-luxor-nile-cruise-what-youll-see-whats-included-why-its-worth-it/,2,8,https://egypttours-meritamun.com/5-star-aswan-to-luxor-nile-cruise-unforgettable-temples-sunsets-seamless-travel/ | https://egypttours-meritamun.com/5-star-nile-cruise-rooms-choose-the-perfect-cabin-for-comfort-views-relaxation/ | https://egypttours-meritamun.com/5-star-nile-cruise-ships-modern-fleets-premium-facilities-the-best-views/ | https://egypttours-meritamun.com/5-star-nile-river-cruise-relax-on-the-water-while-egypts-icons-come-to-life/ | https://egypttours-meritamun.com/5-star-super-deluxe-nile-cruise-upgrade-to-the-highest-luxury-experience-on-the-nile/
https://egypttours-meritamun.com//5-star-nile-cruise-from-aswan-to-luxor/,https://egypttours-meritamun.com/book-a-5-star-aswan-luxor-nile-cruise-what-youll-see-whats-included-why-its-worth-it/,2,7,https://egypttours-meritamun.com/5-star-nile-cruise-rooms-choose-the-perfect-cabin-for-comfort-views-relaxation/ | https://egypttours-meritamun.com/5-star-nile-cruise-ships-modern-fleets-premium-facilities-the-best-views/ | https://egypttours-meritamun.com/5-star-nile-river-cruise-relax-on-the-water-while-egypts-icons-come-to-life/ | https://egypttours-meritamun.com/5-star-super-deluxe-nile-cruise-upgrade-to-the-highest-luxury-experience-on-the-nile/ | https://egypttours-meritamun.com/5-stars-nile-cruise-what-5-star-really-means-for-comfort-service-value/
https://egypttours-meritamun.com//5-star-nile-cruise-rooms/,https://egypttours-meritamun.com/5-star-nile-cruise-rooms-choose-the-perfect-cabin-for-comfort-views-relaxation/,1,7,https://egypttours-meritamun.com/5-star-aswan-to-luxor-nile-cruise-unforgettable-temples-sunsets-seamless-travel/ | https://egypttours-meritamun.com/5-star-nile-cruise-ships-modern-fleets-premium-facilities-the-best-views/ | https://egypttours-meritamun.com/5-star-nile-river-cruise-relax-on-the-water-while-egypts-icons-come-to-life/ | https://egypttours-meritamun.com/5-star-super-deluxe-nile-cruise-upgrade-to-the-highest-luxury-experience-on-the-nile/ | https://egypttours-meritamun.com/5-stars-nile-cruise-what-5-star-really-means-for-comfort-service-value/
https://egypttours-meritamun.com//5-star-nile-cruise-ships/,https://egypttours-meritamun.com/5-star-nile-cruise-ships-modern-fleets-premium-facilities-the-best-views/,1,7,https://egypttours-meritamun.com/5-star-aswan-to-luxor-nile-cruise-unforgettable-temples-sunsets-seamless-travel/ | https://egypttours-meritamun.com/5-star-nile-cruise-rooms-choose-the-perfect-cabin-for-comfort-views-relaxation/ | https://egypttours-meritamun.com/5-star-nile-river-cruise-relax-on-the-water-while-egypts-icons-come-to-life/ | https://egypttours-meritamun.com/5-star-super-deluxe-nile-cruise-upgrade-to-the-highest-luxury-experience-on-the-nile/ | https://egypttours-meritamun.com/5-stars-nile-cruise-what-5-star-really-means-for-comfort-service-value/
https://egypttours-meritamun.com//5-day-nile-cruise-luxor-to-aswan/,https://egypttours-meritamun.com/5-day-nile-cruise-luxor-to-aswan-temples-views-unforgettable-nights/,1,7,https://egypttours-meritamun.com/5-day-nile-cruise-from-the-uk-luxury-egypt-escape-book-your-dates/ | https://egypttours-meritamun.com/5-star-deluxe-nile-cruise-elevate-your-egypt-holiday-in-style/ | https://egypttours-meritamun.com/5-star-deluxe-nile-cruise-ships-facilities-dining-onboard-comfort/ | https://egypttours-meritamun.com/5-star-luxury-nile-cruise-premium-service-best-views-top-tier-comfort/ | https://egypttours-meritamun.com/5-star-luxury-nile-cruises-the-most-luxurious-ways-to-sail-egypt/
https://egypttours-meritamun.com//5-star-deluxe-nile-cruises/,https://egypttours-meritamun.com/compare-5-star-deluxe-nile-cruises-choose-the-perfect-ship-dates/,2,7,https://egypttours-meritamun.com/5-day-nile-cruise-from-the-uk-luxury-egypt-escape-book-your-dates/ | https://egypttours-meritamun.com/5-star-deluxe-nile-cruise-elevate-your-egypt-holiday-in-style/ | https://egypttours-meritamun.com/5-star-deluxe-nile-cruise-ships-facilities-dining-onboard-comfort/ | https://egypttours-meritamun.com/5-star-luxury-nile-cruise-premium-service-best-views-top-tier-comfort/ | https://egypttours-meritamun.com/5-star-luxury-nile-cruises-the-most-luxurious-ways-to-sail-egypt/
https://egypttours-meritamun.com/kontakt,https://egypttours-meritamun.com/de/contact/,1,7,https://egypttours-meritamun.com/private-aegypten-rundreisen-aegyptologe-luxor-kairo-assuan/ | https://egypttours-meritamun.com/private-aegypten-touren-aegyptologe-luxor-kairo-assuan/ | https://egypttours-meritamun.com/private-aegypten-touren-eigener-guide-fahrer-luxor-kairo-assuan/ | https://egypttours-meritamun.com/private-luxor-tour-aegyptologe-eigener-fahrer/ | https://egypttours-meritamun.com/private-luxor-tour-aegyptologe-fuehrung-fahrer/
https://egypttours-meritamun.com/category/blog/page/1/,https://egypttours-meritamun.com/category/blog/,1,7,https://egypttours-meritamun.com/category/blog/page/2/ | https://egypttours-meritamun.com/category/blog/page/3/ | https://egypttours-meritamun.com/category/blog/page/4/ | https://egypttours-meritamun.com/category/blog/page/5/ | https://egypttours-meritamun.com/category/blog/page/6/
https://egypttours-meritamun.com//5-star-nile-cruise-egypt-luxury-itinerary/,https://egypttours-meritamun.com/your-ultimate-5-star-nile-cruise-in-egypt-luxury-itinerary-included-extras-booking-tips/,2,6,https://egypttours-meritamun.com/5-star-aswan-to-luxor-nile-cruise-unforgettable-temples-sunsets-seamless-travel/ | https://egypttours-meritamun.com/5-star-nile-cruise-rooms-choose-the-perfect-cabin-for-comfort-views-relaxation/ | https://egypttours-meritamun.com/5-star-nile-cruise-ships-modern-fleets-premium-facilities-the-best-views/ | https://egypttours-meritamun.com/5-star-nile-river-cruise-relax-on-the-water-while-egypts-icons-come-to-life/ | https://egypttours-meritamun.com/5-star-super-deluxe-nile-cruise-upgrade-to-the-highest-luxury-experience-on-the-nile/
https://egypttours-meritamun.com//5-day-nile-cruise-from-uk/,https://egypttours-meritamun.com/5-day-nile-cruise-from-the-uk-luxury-egypt-escape-book-your-dates/,2,6,https://egypttours-meritamun.com/5-star-deluxe-nile-cruise-elevate-your-egypt-holiday-in-style/ | https://egypttours-meritamun.com/5-star-deluxe-nile-cruise-ships-facilities-dining-onboard-comfort/ | https://egypttours-meritamun.com/5-star-luxury-nile-cruise-premium-service-best-views-top-tier-comfort/ | https://egypttours-meritamun.com/5-star-luxury-nile-cruises-the-most-luxurious-ways-to-sail-egypt/ | https://egypttours-meritamun.com/5-star-nile-cruise-boats-choose-your-ship-cabin-and-cruise-style/
https://egypttours-meritamun.com//5-star-deluxe-nile-cruise-ships/,https://egypttours-meritamun.com/5-star-deluxe-nile-cruise-ships-facilities-dining-onboard-comfort/,1,6,https://egypttours-meritamun.com/5-day-nile-cruise-from-the-uk-luxury-egypt-escape-book-your-dates/ | https://egypttours-meritamun.com/5-star-deluxe-nile-cruise-elevate-your-egypt-holiday-in-style/ | https://egypttours-meritamun.com/5-star-luxury-nile-cruise-premium-service-best-views-top-tier-comfort/ | https://egypttours-meritamun.com/5-star-luxury-nile-cruises-the-most-luxurious-ways-to-sail-egypt/ | https://egypttours-meritamun.com/5-star-nile-cruise-boats-choose-your-ship-cabin-and-cruise-style/
https://egypttours-meritamun.com//5-star-nile-cruise-boats/,https://egypttours-meritamun.com/5-star-nile-cruise-boats-choose-your-ship-cabin-and-cruise-style/,1,6,https://egypttours-meritamun.com/5-day-nile-cruise-from-the-uk-luxury-egypt-escape-book-your-dates/ | https://egypttours-meritamun.com/5-star-deluxe-nile-cruise-elevate-your-egypt-holiday-in-style/ | https://egypttours-meritamun.com/5-star-deluxe-nile-cruise-ships-facilities-dining-onboard-comfort/ | https://egypttours-meritamun.com/5-star-luxury-nile-cruise-premium-service-best-views-top-tier-comfort/ | https://egypttours-meritamun.com/5-star-luxury-nile-cruises-the-most-luxurious-ways-to-sail-egypt/
https://egypttours-meritamun.com/egypt-tour-packages/,https://egypttours-meritamun.com/tours/,1,6,https://egypttours-meritamun.com/private-aegypten-touren-aegyptologe-luxor-kairo-assuan/ | https://egypttours-meritamun.com/private-aegypten-touren-eigener-guide-fahrer-luxor-kairo-assuan/ | https://egypttours-meritamun.com/private-egypt-tours-egyptologist-luxor-cairo-aswan/ | https://egypttours-meritamun.com/private-luxor-tour-aegyptologe-eigener-fahrer/ | https://egypttours-meritamun.com/private-nilkreuzfahrt-luxor-aegyptologe/
https://egypttours-meritamun.com/contact-us/,https://egypttours-meritamun.com/contact/,1,6,https://egypttours-meritamun.com/private-aegypten-touren-aegyptologe-luxor-kairo-assuan/ | https://egypttours-meritamun.com/private-aegypten-touren-eigener-guide-fahrer-luxor-kairo-assuan/ | https://egypttours-meritamun.com/private-egypt-tours-egyptologist-luxor-cairo-aswan/ | https://egypttours-meritamun.com/private-luxor-tour-aegyptologe-eigener-fahrer/ | https://egypttours-meritamun.com/private-nilkreuzfahrt-luxor-aegyptologe/
https://egypttours-meritamun.com//5-star-standard-nile-cruise/,https://egypttours-meritamun.com/5-star-standard-nile-cruise-best-value-luxury-for-first-time-egypt-travelers/,1,5,https://egypttours-meritamun.com/5-star-nile-cruise-ships-modern-fleets-premium-facilities-the-best-views/ | https://egypttours-meritamun.com/5-star-nile-river-cruise-relax-on-the-water-while-egypts-icons-come-to-life/ | https://egypttours-meritamun.com/5-star-super-deluxe-nile-cruise-upgrade-to-the-highest-luxury-experience-on-the-nile/ | https://egypttours-meritamun.com/top-5-star-nile-cruises-in-egypt-compare-ships-routes-luxury-inclusions-fast/ | https://egypttours-meritamun.com/your-ultimate-5-star-nile-cruise-in-egypt-luxury-itinerary-included-extras-booking-tips/
https://egypttours-meritamun.com//5-star-super-deluxe-nile-cruise/,https://egypttours-meritamun.com/5-star-super-deluxe-nile-cruise-upgrade-to-the-highest-luxury-experience-on-the-nile/,1,5,https://egypttours-meritamun.com/5-star-nile-cruise-ships-modern-fleets-premium-facilities-the-best-views/ | https://egypttours-meritamun.com/5-star-nile-river-cruise-relax-on-the-water-while-egypts-icons-come-to-life/ | https://egypttours-meritamun.com/5-stars-nile-cruise-what-5-star-really-means-for-comfort-service-value/ | https://egypttours-meritamun.com/top-5-star-nile-cruises-in-egypt-compare-ships-routes-luxury-inclusions-fast/ | https://egypttours-meritamun.com/your-ultimate-5-star-nile-cruise-in-egypt-luxury-itinerary-included-extras-booking-tips/
https://egypttours-meritamun.com//5-star-luxury-nile-cruise/,https://egypttours-meritamun.com/5-star-luxury-nile-cruise-premium-service-best-views-top-tier-comfort/,1,5,https://egypttours-meritamun.com/5-day-nile-cruise-from-the-uk-luxury-egypt-escape-book-your-dates/ | https://egypttours-meritamun.com/5-star-deluxe-nile-cruise-elevate-your-egypt-holiday-in-style/ | https://egypttours-meritamun.com/5-star-luxury-nile-cruises-the-most-luxurious-ways-to-sail-egypt/ | https://egypttours-meritamun.com/5-star-nile-cruise-boats-choose-your-ship-cabin-and-cruise-style/ | https://egypttours-meritamun.com/5-star-nile-cruise-book-a-seamless-egypt-getaway-with-unmatched-value/
https://egypttours-meritamun.com//5-star-deluxe-nile-cruise/,https://egypttours-meritamun.com/5-star-deluxe-nile-cruise-elevate-your-egypt-holiday-in-style/,1,5,https://egypttours-meritamun.com/5-day-nile-cruise-from-the-uk-luxury-egypt-escape-book-your-dates/ | https://egypttours-meritamun.com/5-star-deluxe-nile-cruise-ships-facilities-dining-onboard-comfort/ | https://egypttours-meritamun.com/5-star-luxury-nile-cruises-the-most-luxurious-ways-to-sail-egypt/ | https://egypttours-meritamun.com/5-star-nile-cruise-boats-choose-your-ship-cabin-and-cruise-style/ | https://egypttours-meritamun.com/5-star-nile-cruise-book-a-seamless-egypt-getaway-with-unmatched-value/
https://egypttours-meritamun.com//5-star-nile-cruise-value/,https://egypttours-meritamun.com/5-stars-nile-cruise-what-5-star-really-means-for-comfort-service-value/,2,5,https://egypttours-meritamun.com/5-day-nile-cruise-from-the-uk-luxury-egypt-escape-book-your-dates/ | https://egypttours-meritamun.com/5-star-deluxe-nile-cruise-elevate-your-egypt-holiday-in-style/ | https://egypttours-meritamun.com/5-star-luxury-nile-cruises-the-most-luxurious-ways-to-sail-egypt/ | https://egypttours-meritamun.com/5-star-nile-cruise-boats-choose-your-ship-cabin-and-cruise-style/ | https://egypttours-meritamun.com/5-star-nile-cruise-book-a-seamless-egypt-getaway-with-unmatched-value/
https://egypttours-meritamun.com//5-day-luxury-tour-egypt-price/,https://egypttours-meritamun.com/best-time-to-book-a-5-day-luxury-egypt-tour-save-more-get-better-departures/,2,5,https://egypttours-meritamun.com/aswan-sightseeing-in-luxury-philae-temple-nubian-charm-best-sunset-experiences/ | https://egypttours-meritamun.com/best-time-to-book-a-5-day-luxury-egypt-tour-save-more-get-better-departures/ | https://egypttours-meritamun.com/egypt-luxury-hotels-near-the-nile-stay-close-travel-smarter-enjoy-more-egypt-nights/ | https://egypttours-meritamun.com/luxor-private-tours-with-a-dedicated-guide-valley-of-the-kings-temples-vip-access/ | https://egypttours-meritamun.com/luxury-egypt-tours-guide-5-days-choose-your-perfect-nile-temple-experience/
https://egypttours-meritamun.com//5-day-nile-cruise-aswan-to-luxor/,https://egypttours-meritamun.com/5-day-nile-cruise-luxor-to-aswan-temples-views-unforgettable-nights/,2,5,https://egypttours-meritamun.com/aswan-sightseeing-in-luxury-philae-temple-nubian-charm-best-sunset-experiences/ | https://egypttours-meritamun.com/best-time-to-book-a-5-day-luxury-egypt-tour-save-more-get-better-departures/ | https://egypttours-meritamun.com/egypt-luxury-hotels-near-the-nile-stay-close-travel-smarter-enjoy-more-egypt-nights/ | https://egypttours-meritamun.com/luxor-private-tours-with-a-dedicated-guide-valley-of-the-kings-temples-vip-access/ | https://egypttours-meritamun.com/luxury-egypt-tours-guide-5-days-choose-your-perfect-nile-temple-experience/
https://egypttours-meritamun.com//egypt-luxury-hotel-near-nile-cruise/,https://egypttours-meritamun.com/egypt-luxury-hotels-near-the-nile-stay-close-travel-smarter-enjoy-more-egypt-nights/,2,5,https://egypttours-meritamun.com/aswan-sightseeing-in-luxury-philae-temple-nubian-charm-best-sunset-experiences/ | https://egypttours-meritamun.com/best-time-to-book-a-5-day-luxury-egypt-tour-save-more-get-better-departures/ | https://egypttours-meritamun.com/egypt-luxury-hotels-near-the-nile-stay-close-travel-smarter-enjoy-more-egypt-nights/ | https://egypttours-meritamun.com/luxor-private-tours-with-a-dedicated-guide-valley-of-the-kings-temples-vip-access/ | https://egypttours-meritamun.com/luxury-egypt-tours-guide-5-days-choose-your-perfect-nile-temple-experience/
https://egypttours-meritamun.com//10-day-tours-of-egypt/,https://egypttours-meritamun.com/10-day-egypt-escape-cairo-to-aswan-luxury-tour-package/,2,5,https://egypttours-meritamun.com/3-day-luxor-to-aswan-nile-cruise-iconic-stops-in-a-premium-journey/ | https://egypttours-meritamun.com/3-days-private-tour-luxor-aswan-in-ultimate-comfort/ | https://egypttours-meritamun.com/4-day-nile-cruise-from-cairo-price-guide-packages-inclusions-value/ | https://egypttours-meritamun.com/4-day-nile-cruise-luxor-to-aswan-seamless-transfers/ | https://egypttours-meritamun.com/4-day-nile-cruise-the-perfect-blend-of-wonders-relaxation/
https://egypttours-meritamun.com//5-star-luxury-nile-cruises/,https://egypttours-meritamun.com/5-star-luxury-nile-cruises-the-most-luxurious-ways-to-sail-egypt/,1,4,https://egypttours-meritamun.com/5-day-nile-cruise-from-the-uk-luxury-egypt-escape-book-your-dates/ | https://egypttours-meritamun.com/5-star-deluxe-nile-cruise-elevate-your-egypt-holiday-in-style/ | https://egypttours-meritamun.com/5-star-luxury-nile-cruise-premium-service-best-views-top-tier-comfort/ | https://egypttours-meritamun.com/5-star-nile-cruise-book-a-seamless-egypt-getaway-with-unmatched-value/
https://egypttours-meritamun.com//luxury-egypt-tours-guide/,https://egypttours-meritamun.com/luxury-egypt-tours-guide-5-days-choose-your-perfect-nile-temple-experience/,1,4,https://egypttours-meritamun.com/aswan-sightseeing-in-luxury-philae-temple-nubian-charm-best-sunset-experiences/ | https://egypttours-meritamun.com/best-time-to-book-a-5-day-luxury-egypt-tour-save-more-get-better-departures/ | https://egypttours-meritamun.com/egypt-luxury-hotels-near-the-nile-stay-close-travel-smarter-enjoy-more-egypt-nights/ | https://egypttours-meritamun.com/luxor-private-tours-with-a-dedicated-guide-valley-of-the-kings-temples-vip-access/
https://egypttours-meritamun.com//best-time-to-book-5-day-luxury-egypt-tour/,https://egypttours-meritamun.com/best-time-to-book-a-5-day-luxury-egypt-tour-save-more-get-better-departures/,2,4,https://egypttours-meritamun.com/aswan-sightseeing-in-luxury-philae-temple-nubian-charm-best-sunset-experiences/ | https://egypttours-meritamun.com/egypt-luxury-hotels-near-the-nile-stay-close-travel-smarter-enjoy-more-egypt-nights/ | https://egypttours-meritamun.com/luxor-private-tours-with-a-dedicated-guide-valley-of-the-kings-temples-vip-access/ | https://egypttours-meritamun.com/luxury-egypt-tours-guide-5-days-choose-your-perfect-nile-temple-experience/
https://egypttours-meritamun.com//4-day-nile-cruises-luxury/,https://egypttours-meritamun.com/4-day-nile-river-cruises-choose-your-luxury-route-with-expert-tour-hosts/,2,4,https://egypttours-meritamun.com/4-day-nile-river-cruises-choose-your-luxury-route-with-expert-tour-hosts/ | https://egypttours-meritamun.com/4-days-nile-river-cruise-private-tours-luxury-cabins-classic-egypt-moments/ | https://egypttours-meritamun.com/5-day-luxury-tour-egypt-cost-what-you-pay-for-vip-comfort-value/ | https://egypttours-meritamun.com/5-day-luxury-tour-egypt-premium-egypt-experiences-with-vip-level-attention/
https://egypttours-meritamun.com//4-day-nile-river-cruise-premium/,https://egypttours-meritamun.com/4-day-nile-cruise-aswan-to-luxor-downstream-with-premium-service/,2,4,https://egypttours-meritamun.com/4-day-nile-river-cruises-choose-your-luxury-route-with-expert-tour-hosts/ | https://egypttours-meritamun.com/4-days-nile-river-cruise-private-tours-luxury-cabins-classic-egypt-moments/ | https://egypttours-meritamun.com/5-day-luxury-tour-egypt-cost-what-you-pay-for-vip-comfort-value/ | https://egypttours-meritamun.com/5-day-luxury-tour-egypt-premium-egypt-experiences-with-vip-level-attention/
https://egypttours-meritamun.com//4-day-nile-cruise-from-cairo/,https://egypttours-meritamun.com/4-day-nile-cruise-from-cairo-price-guide-packages-inclusions-value/,1,4,https://egypttours-meritamun.com/10-day-egypt-escape-cairo-to-aswan-luxury-tour-package/ | https://egypttours-meritamun.com/4-day-nile-cruise-aswan-to-luxor-downstream-with-premium-service/ | https://egypttours-meritamun.com/4-day-nile-cruise-from-cairo-price-guide-packages-inclusions-value/ | https://egypttours-meritamun.com/4-day-nile-cruise-the-perfect-blend-of-wonders-relaxation/
https://egypttours-meritamun.com/tour/dahabiya-nile-boat-from-luxor-to-aswan-5-night-6-day/,https://egypttours-meritamun.com/tour/dahabiya-nile-cruise-luxor-to-aswan-5-nights-sailing/,1,4,https://egypttours-meritamun.com/3-tage-reise-luxor-und-assuan-ab-marsa-alam/ | https://egypttours-meritamun.com/abu-simbel-nilkreuzfahrt/ | https://egypttours-meritamun.com/agypten-rundreise-privat-7-10-tage-mit-kairo-luxor-assuan-und-nilkreuz/ | https://egypttours-meritamun.com/nilkreuzfahrt-von-kairo-nach-luxor-praktischer-reisefuehrer/
https://egypttours-meritamun.com/tour/nile-cruise-sail-along-the-nile-from-abu-simbel-to-aswan-3-nights-4-days/,https://egypttours-meritamun.com/tour/lake-nasser-cruise-abu-simbel-to-aswan-3-nights/,1,4,https://egypttours-meritamun.com/4-day-nile-cruise-luxor-to-aswan-seamless-transfers/ | https://egypttours-meritamun.com/luxor-nach-assuan-die-ultimative-4-tage-route/ | https://egypttours-meritamun.com/nilkreuzfahrt-abu-simbel-route-dauer-kabinen-und-leistungen/ | https://egypttours-meritamun.com/transport-aegypten-praktischer-reisefuehrer/
https://egypttours-meritamun.com/5-day-nile-cruise-from-uk/,https://egypttours-meritamun.com/5-day-nile-cruise-from-the-uk-luxury-egypt-escape-book-your-dates/,1,3,https://egypttours-meritamun.com//5-day-nile-cruise-from-uk/ | https://egypttours-meritamun.com/5-day-nile-cruise-luxor-to-aswan-temples-views-unforgettable-nights/ | https://egypttours-meritamun.com/compare-5-star-deluxe-nile-cruises-choose-the-perfect-ship-dates/
https://egypttours-meritamun.com//5-day-nile-cruise-from-cairo/,https://egypttours-meritamun.com/5-day-nile-cruise-luxor-to-aswan-temples-views-unforgettable-nights/,2,3,https://egypttours-meritamun.com/best-time-to-book-a-5-day-luxury-egypt-tour-save-more-get-better-departures/ | https://egypttours-meritamun.com/egypt-luxury-hotels-near-the-nile-stay-close-travel-smarter-enjoy-more-egypt-nights/ | https://egypttours-meritamun.com/luxury-egypt-tours-guide-5-days-choose-your-perfect-nile-temple-experience/
https://egypttours-meritamun.com//luxor-private-tours-with-guide/,https://egypttours-meritamun.com/luxor-private-tours-with-a-dedicated-guide-valley-of-the-kings-temples-vip-access/,2,3,https://egypttours-meritamun.com/best-time-to-book-a-5-day-luxury-egypt-tour-save-more-get-better-departures/ | https://egypttours-meritamun.com/egypt-luxury-hotels-near-the-nile-stay-close-travel-smarter-enjoy-more-egypt-nights/ | https://egypttours-meritamun.com/luxury-egypt-tours-guide-5-days-choose-your-perfect-nile-temple-experience/
https://egypttours-meritamun.com//aswan-sightseeing-luxury-tour/,https://egypttours-meritamun.com/10-day-egypt-escape-cairo-to-aswan-luxury-tour-package/,2,3,https://egypttours-meritamun.com/best-time-to-book-a-5-day-luxury-egypt-tour-save-more-get-better-departures/ | https://egypttours-meritamun.com/egypt-luxury-hotels-near-the-nile-stay-close-travel-smarter-enjoy-more-egypt-nights/ | https://egypttours-meritamun.com/luxury-egypt-tours-guide-5-days-choose-your-perfect-nile-temple-experience/
https://egypttours-meritamun.com/4-day-nile-cruises-luxury/,https://egypttours-meritamun.com/4-day-nile-river-cruises-choose-your-luxury-route-with-expert-tour-hosts/,1,3,https://egypttours-meritamun.com//4-day-nile-cruises-luxury/ | https://egypttours-meritamun.com/4-days-egypt-short-holiday-packages-best-of-cairo-the-nile-in-just-one-escape/ | https://egypttours-meritamun.com/5-day-egypt-tour-the-ultimate-first-timer-route-with-guided-comfort/
https://egypttours-meritamun.com/4-day-nile-cruise/,https://egypttours-meritamun.com/4-day-nile-cruise-aswan-to-luxor-downstream-with-premium-service/,1,3,https://egypttours-meritamun.com/4-day-cairo-to-the-nile-cruise-your-way-through-egypts-best-highlights/ | https://egypttours-meritamun.com/4-days-egypt-short-holiday-packages-best-of-cairo-the-nile-in-just-one-escape/ | https://egypttours-meritamun.com/5-day-egypt-tour-the-ultimate-first-timer-route-with-guided-comfort/
https://egypttours-meritamun.com//4-days-egypt-short-holidays-packages/,https://egypttours-meritamun.com/4-days-egypt-short-holiday-packages-best-of-cairo-the-nile-in-just-one-escape/,2,3,https://egypttours-meritamun.com/4-day-nile-river-cruises-choose-your-luxury-route-with-expert-tour-hosts/ | https://egypttours-meritamun.com/4-days-nile-river-cruise-private-tours-luxury-cabins-classic-egypt-moments/ | https://egypttours-meritamun.com/5-day-luxury-tour-egypt-cost-what-you-pay-for-vip-comfort-value/
https://egypttours-meritamun.com//4-day-nile-cruise-luxor-to-aswan/,https://egypttours-meritamun.com/4-day-nile-cruise-luxor-to-aswan-seamless-transfers/,1,3,https://egypttours-meritamun.com/3-days-private-tour-luxor-aswan-in-ultimate-comfort/ | https://egypttours-meritamun.com/4-day-nile-cruise-aswan-to-luxor-downstream-with-premium-service/ | https://egypttours-meritamun.com/4-day-nile-cruise-the-perfect-blend-of-wonders-relaxation/
https://egypttours-meritamun.com/tour/cairo-to-luxor-package-by-air-4-nights-5-days/,https://egypttours-meritamun.com/tour/cairo-luxor-package-by-air-4-nights-5-days/,1,3,https://egypttours-meritamun.com/2-tages-ausflug-nach-luxor-von-hurghada/ | https://egypttours-meritamun.com/nilkreuzfahrt-von-kairo-nach-luxor-praktischer-reisefuehrer/ | https://egypttours-meritamun.com/transport-aegypten-praktischer-reisefuehrer/
https://egypttours-meritamun.com/tours/page/1/,https://egypttours-meritamun.com/tours/,1,3,https://egypttours-meritamun.com/tours/page/2/ | https://egypttours-meritamun.com/tours/page/3/ | https://egypttours-meritamun.com/tours/page/4/
https://egypttours-meritamun.com/de/tours/page/1/,https://egypttours-meritamun.com/de/tours/,1,3,https://egypttours-meritamun.com/de/tours/page/2/ | https://egypttours-meritamun.com/de/tours/page/3/ | https://egypttours-meritamun.com/de/tours/page/4/
https://egypttours-meritamun.com/2026/06/07/,https://egypttours-meritamun.com,1,3,https://egypttours-meritamun.com/category/blog/page/4/ | https://egypttours-meritamun.com/category/blog/page/5/ | https://egypttours-meritamun.com/category/blog/page/6/
https://egypttours-meritamun.com//5-star-nile-river-cruise/,https://egypttours-meritamun.com/5-star-nile-river-cruise-relax-on-the-water-while-egypts-icons-come-to-life/,1,2,https://egypttours-meritamun.com/top-5-star-nile-cruises-in-egypt-compare-ships-routes-luxury-inclusions-fast/ | https://egypttours-meritamun.com/your-ultimate-5-star-nile-cruise-in-egypt-luxury-itinerary-included-extras-booking-tips/
https://egypttours-meritamun.com/5-star-deluxe-nile-cruise/,https://egypttours-meritamun.com/5-star-deluxe-nile-cruise-elevate-your-egypt-holiday-in-style/,1,2,https://egypttours-meritamun.com/5-day-nile-cruise-luxor-to-aswan-temples-views-unforgettable-nights/ | https://egypttours-meritamun.com/compare-5-star-deluxe-nile-cruises-choose-the-perfect-ship-dates/
https://egypttours-meritamun.com/5-star-deluxe-nile-cruise-ships/,https://egypttours-meritamun.com/5-star-deluxe-nile-cruise-ships-facilities-dining-onboard-comfort/,1,2,https://egypttours-meritamun.com/5-day-nile-cruise-luxor-to-aswan-temples-views-unforgettable-nights/ | https://egypttours-meritamun.com/compare-5-star-deluxe-nile-cruises-choose-the-perfect-ship-dates/
https://egypttours-meritamun.com/5-star-nile-cruise-boats/,https://egypttours-meritamun.com/5-star-nile-cruise-boats-choose-your-ship-cabin-and-cruise-style/,1,2,https://egypttours-meritamun.com/5-day-nile-cruise-luxor-to-aswan-temples-views-unforgettable-nights/ | https://egypttours-meritamun.com/compare-5-star-deluxe-nile-cruises-choose-the-perfect-ship-dates/
https://egypttours-meritamun.com/5-star-luxury-nile-cruise/,https://egypttours-meritamun.com/5-star-luxury-nile-cruise-premium-service-best-views-top-tier-comfort/,1,2,https://egypttours-meritamun.com/5-day-nile-cruise-luxor-to-aswan-temples-views-unforgettable-nights/ | https://egypttours-meritamun.com/compare-5-star-deluxe-nile-cruises-choose-the-perfect-ship-dates/
https://egypttours-meritamun.com/5-star-luxury-nile-cruises/,https://egypttours-meritamun.com/5-star-luxury-nile-cruises-the-most-luxurious-ways-to-sail-egypt/,1,2,https://egypttours-meritamun.com/5-day-nile-cruise-luxor-to-aswan-temples-views-unforgettable-nights/ | https://egypttours-meritamun.com/compare-5-star-deluxe-nile-cruises-choose-the-perfect-ship-dates/
https://egypttours-meritamun.com/5-star-nile-cruise-value/,https://egypttours-meritamun.com/5-stars-nile-cruise-what-5-star-really-means-for-comfort-service-value/,1,2,https://egypttours-meritamun.com//5-star-nile-cruise-value/ | https://egypttours-meritamun.com/compare-5-star-deluxe-nile-cruises-choose-the-perfect-ship-dates/
https://egypttours-meritamun.com/5-star-deluxe-nile-cruises/,https://egypttours-meritamun.com/compare-5-star-deluxe-nile-cruises-choose-the-perfect-ship-dates/,1,2,https://egypttours-meritamun.com//5-star-deluxe-nile-cruises/ | https://egypttours-meritamun.com/5-day-nile-cruise-luxor-to-aswan-temples-views-unforgettable-nights/
https://egypttours-meritamun.com//best-luxury-nile-cruise-for-families/,https://egypttours-meritamun.com/5-star-super-deluxe-nile-cruise-upgrade-to-the-highest-luxury-experience-on-the-nile/,2,2,https://egypttours-meritamun.com/best-time-to-book-a-5-day-luxury-egypt-tour-save-more-get-better-departures/ | https://egypttours-meritamun.com/egypt-luxury-hotels-near-the-nile-stay-close-travel-smarter-enjoy-more-egypt-nights/
https://egypttours-meritamun.com//private-egypt-day-tours-from-cairo/,https://egypttours-meritamun.com/private-egypt-tours-egyptologist-luxor-cairo-aswan/,2,2,https://egypttours-meritamun.com/best-time-to-book-a-5-day-luxury-egypt-tour-save-more-get-better-departures/ | https://egypttours-meritamun.com/egypt-luxury-hotels-near-the-nile-stay-close-travel-smarter-enjoy-more-egypt-nights/
https://egypttours-meritamun.com/4-days-egypt-short-holidays-packages/,https://egypttours-meritamun.com/4-days-egypt-short-holiday-packages-best-of-cairo-the-nile-in-just-one-escape/,1,2,https://egypttours-meritamun.com//4-days-egypt-short-holidays-packages/ | https://egypttours-meritamun.com/5-day-egypt-tour-the-ultimate-first-timer-route-with-guided-comfort/
https://egypttours-meritamun.com/4-days-nile-river-cruise/,https://egypttours-meritamun.com/4-days-nile-river-cruise-private-tours-luxury-cabins-classic-egypt-moments/,1,2,https://egypttours-meritamun.com/4-days-egypt-short-holiday-packages-best-of-cairo-the-nile-in-just-one-escape/ | https://egypttours-meritamun.com/5-day-egypt-tour-the-ultimate-first-timer-route-with-guided-comfort/
https://egypttours-meritamun.com//5-day-egypt-tour/,https://egypttours-meritamun.com/5-day-egypt-tour-the-ultimate-first-timer-route-with-guided-comfort/,1,2,https://egypttours-meritamun.com/5-day-luxury-tour-egypt-cost-what-you-pay-for-vip-comfort-value/ | https://egypttours-meritamun.com/5-day-luxury-tour-egypt-premium-egypt-experiences-with-vip-level-attention/
https://egypttours-meritamun.com//4-nights-egypt-package/,https://egypttours-meritamun.com/tours/,2,2,https://egypttours-meritamun.com/4-day-nile-river-cruises-choose-your-luxury-route-with-expert-tour-hosts/ | https://egypttours-meritamun.com/5-day-luxury-tour-egypt-cost-what-you-pay-for-vip-comfort-value/
https://egypttours-meritamun.com//4-day-nile-cruise-aswan-to-luxor/,https://egypttours-meritamun.com/4-day-nile-cruise-aswan-to-luxor-downstream-with-premium-service/,1,2,https://egypttours-meritamun.com/10-day-egypt-escape-cairo-to-aswan-luxury-tour-package/ | https://egypttours-meritamun.com/4-day-nile-cruise-the-perfect-blend-of-wonders-relaxation/
https://egypttours-meritamun.com//3-day-nile-cruises-from-luxor-to-aswan/,https://egypttours-meritamun.com/3-day-luxor-to-aswan-nile-cruise-iconic-stops-in-a-premium-journey/,2,2,https://egypttours-meritamun.com/10-day-egypt-escape-cairo-to-aswan-luxury-tour-package/ | https://egypttours-meritamun.com/3-days-private-tour-luxor-aswan-in-ultimate-comfort/
https://egypttours-meritamun.com/4-day-nile-cruise-egypt/,https://egypttours-meritamun.com/4-day-nile-cruise-luxor-to-aswan-seamless-transfers/,1,2,https://egypttours-meritamun.com//4-day-nile-cruise-egypt/ | https://egypttours-meritamun.com/4-day-cairo-to-the-nile-cruise-your-way-through-egypts-best-highlights/
https://egypttours-meritamun.com/3-day-nile-cruises-from-luxor-to-aswan/,https://egypttours-meritamun.com/3-day-luxor-to-aswan-nile-cruise-iconic-stops-in-a-premium-journey/,1,2,https://egypttours-meritamun.com//3-day-nile-cruises-from-luxor-to-aswan/ | https://egypttours-meritamun.com/4-day-cairo-to-the-nile-cruise-your-way-through-egypts-best-highlights/
https://egypttours-meritamun.com/10-day-tours-of-egypt/,https://egypttours-meritamun.com/10-day-egypt-escape-cairo-to-aswan-luxury-tour-package/,1,2,https://egypttours-meritamun.com//10-day-tours-of-egypt/ | https://egypttours-meritamun.com/4-day-cairo-to-the-nile-cruise-your-way-through-egypts-best-highlights/
https://egypttours-meritamun.com/4-day-nile-river-cruise-premium/,https://egypttours-meritamun.com/4-day-nile-cruise-aswan-to-luxor-downstream-with-premium-service/,1,2,https://egypttours-meritamun.com//4-day-nile-river-cruise-premium/ | https://egypttours-meritamun.com/4-days-egypt-short-holiday-packages-best-of-cairo-the-nile-in-just-one-escape/
https://egypttours-meritamun.com/4-nights-egypt-package/,https://egypttours-meritamun.com/tours/,1,2,https://egypttours-meritamun.com//4-nights-egypt-package/ | https://egypttours-meritamun.com/4-days-egypt-short-holiday-packages-best-of-cairo-the-nile-in-just-one-escape/
https://egypttours-meritamun.com//5-star-nile-cruise/,https://egypttours-meritamun.com/5-star-nile-cruise-boats-choose-your-ship-cabin-and-cruise-style/,1,2,https://egypttours-meritamun.com/5-star-nile-cruise-boats-choose-your-ship-cabin-and-cruise-style/ | https://egypttours-meritamun.com/5-star-nile-cruise-book-a-seamless-egypt-getaway-with-unmatched-value/
https://egypttours-meritamun.com//3-days-private-tour-luxor-and-aswan/,https://egypttours-meritamun.com/3-days-private-tour-luxor-aswan-in-ultimate-comfort/,2,2,https://egypttours-meritamun.com/10-day-egypt-escape-cairo-to-aswan-luxury-tour-package/ | https://egypttours-meritamun.com/3-day-luxor-to-aswan-nile-cruise-iconic-stops-in-a-premium-journey/
https://egypttours-meritamun.com/2026/09/07/,https://egypttours-meritamun.com,1,2,https://egypttours-meritamun.com/category/blog/ | https://egypttours-meritamun.com/category/uncategorized/
https://egypttours-meritamun.com/2026/08/31/,https://egypttours-meritamun.com,1,2,https://egypttours-meritamun.com/category/blog/ | https://egypttours-meritamun.com/category/blog/page/2/
https://egypttours-meritamun.com/2026/08/27/,https://egypttours-meritamun.com,1,2,https://egypttours-meritamun.com/category/blog/page/2/ | https://egypttours-meritamun.com/category/uncategorized/
https://egypttours-meritamun.com/2026/07/31/,https://egypttours-meritamun.com,1,2,https://egypttours-meritamun.com/category/blog/page/2/ | https://egypttours-meritamun.com/category/uncategorized/
https://egypttours-meritamun.com/tour-category/day-tour/page/1/,https://egypttours-meritamun.com/tour-category/day-tour/,1,2,https://egypttours-meritamun.com/tour-category/day-tour/page/2/ | https://egypttours-meritamun.com/tour-category/day-tour/page/3/
https://egypttours-meritamun.com/tour-destination/cairo/page/1/,https://egypttours-meritamun.com/tour-destination/cairo/,1,2,https://egypttours-meritamun.com/tour-destination/cairo/page/2/ | https://egypttours-meritamun.com/tour-destination/cairo/page/3/
https://egypttours-meritamun.com/tour-destination/luxor/page/1/,https://egypttours-meritamun.com/tour-destination/luxor/,1,2,https://egypttours-meritamun.com/tour-destination/luxor/page/2/ | https://egypttours-meritamun.com/tour-destination/luxor/page/3/
https://egypttours-meritamun.com/2026/07/26/,https://egypttours-meritamun.com,1,2,https://egypttours-meritamun.com/category/blog/page/2/ | https://egypttours-meritamun.com/category/blog/page/3/
https://egypttours-meritamun.com/2026/05/21/,https://egypttours-meritamun.com,1,2,https://egypttours-meritamun.com/category/blog/page/6/ | https://egypttours-meritamun.com/category/blog/page/7/
https://egypttours-meritamun.com/de/tour-category/day-tour/page/1/,https://egypttours-meritamun.com/de/tour-category/day-tour/,1,2,https://egypttours-meritamun.com/de/tour-category/day-tour/page/2/ | https://egypttours-meritamun.com/de/tour-category/day-tour/page/3/
https://egypttours-meritamun.com/de/tour-destination/cairo/page/1/,https://egypttours-meritamun.com/de/tour-destination/cairo/,1,2,https://egypttours-meritamun.com/de/tour-destination/cairo/page/2/ | https://egypttours-meritamun.com/de/tour-destination/cairo/page/3/
https://egypttours-meritamun.com/de/tour-destination/luxor/page/1/,https://egypttours-meritamun.com/de/tour-destination/luxor/,1,2,https://egypttours-meritamun.com/de/tour-destination/luxor/page/2/ | https://egypttours-meritamun.com/de/tour-destination/luxor/page/3/
https://egypttours-meritamun.com/2026/05/21/5-star-nile-cruise-ships-modern-fleets-premium-facilities-the-best-views/woman_holding_coffee_at_dawn_202605211319/,https://egypttours-meritamun.com/5-star-nile-cruise-ships-modern-fleets-premium-facilities-the-best-views/,1,1,https://egypttours-meritamun.com/5-star-nile-cruise-ships-modern-fleets-premium-facilities-the-best-views/
https://egypttours-meritamun.com/2026/05/21/5-star-nile-river-cruise-relax-on-the-water-while-egypts-icons-come-to-life/waiter_serving_lunch_on_deck_202605211311/,https://egypttours-meritamun.com/5-star-nile-river-cruise-relax-on-the-water-while-egypts-icons-come-to-life/,1,1,https://egypttours-meritamun.com/top-5-star-nile-cruises-in-egypt-compare-ships-routes-luxury-inclusions-fast/
https://egypttours-meritamun.com/2026/05/21/5-star-nile-cruise-rooms-choose-the-perfect-cabin-for-comfort-views-relaxation/16053847351al-hambra-nile-cruise2/,https://egypttours-meritamun.com/5-star-nile-cruise-rooms-choose-the-perfect-cabin-for-comfort-views-relaxation/,1,1,https://egypttours-meritamun.com/5-star-nile-cruise-rooms-choose-the-perfect-cabin-for-comfort-views-relaxation/
https://egypttours-meritamun.com//,https://egypttours-meritamun.com/,1,1,https://egypttours-meritamun.com/5-star-luxury-nile-cruises-the-most-luxurious-ways-to-sail-egypt/
https://egypttours-meritamun.com/2026/06/06/5-star-luxury-nile-cruises-the-most-luxurious-ways-to-sail-egypt/woman_enjoying_massage_on_dahabiya_202606062112/,https://egypttours-meritamun.com/5-star-luxury-nile-cruises-the-most-luxurious-ways-to-sail-egypt/,1,1,https://egypttours-meritamun.com/5-star-luxury-nile-cruises-the-most-luxurious-ways-to-sail-egypt/
https://egypttours-meritamun.com/2026/06/06/5-star-luxury-nile-cruise-premium-service-best-views-top-tier-comfort/soren_malena_receiving_premium_s_202606062120/,https://egypttours-meritamun.com/5-star-luxury-nile-cruise-premium-service-best-views-top-tier-comfort/,1,1,https://egypttours-meritamun.com/5-star-luxury-nile-cruise-premium-service-best-views-top-tier-comfort/
https://egypttours-meritamun.com/5-day-nile-cruise-luxor-to-aswan/,https://egypttours-meritamun.com/5-day-nile-cruise-luxor-to-aswan-temples-views-unforgettable-nights/,1,1,https://egypttours-meritamun.com/compare-5-star-deluxe-nile-cruises-choose-the-perfect-ship-dates/
https://egypttours-meritamun.com/2026/06/07/compare-5-star-deluxe-nile-cruises-choose-the-perfect-ship-dates/woman_looking_out_window_202606070834/,https://egypttours-meritamun.com/compare-5-star-deluxe-nile-cruises-choose-the-perfect-ship-dates/,1,1,https://egypttours-meritamun.com/compare-5-star-deluxe-nile-cruises-choose-the-perfect-ship-dates/
https://egypttours-meritamun.com/5-day-luxury-tour-egypt/,https://egypttours-meritamun.com/5-day-luxury-tour-egypt-cost-what-you-pay-for-vip-comfort-value/,1,1,https://egypttours-meritamun.com/5-day-egypt-tour-the-ultimate-first-timer-route-with-guided-comfort/
https://egypttours-meritamun.com/5-day-luxury-tour-egypt-cost/,https://egypttours-meritamun.com/5-day-luxury-tour-egypt-cost-what-you-pay-for-vip-comfort-value/,1,1,https://egypttours-meritamun.com/5-day-egypt-tour-the-ultimate-first-timer-route-with-guided-comfort/
https://egypttours-meritamun.com//4-day-nile-cruises/,https://egypttours-meritamun.com/4-day-nile-river-cruises-choose-your-luxury-route-with-expert-tour-hosts/,2,1,https://egypttours-meritamun.com/5-day-luxury-tour-egypt-cost-what-you-pay-for-vip-comfort-value/
https://egypttours-meritamun.com//5-day-luxury-tour-egypt/,https://egypttours-meritamun.com/5-day-luxury-tour-egypt-cost-what-you-pay-for-vip-comfort-value/,1,1,https://egypttours-meritamun.com/5-day-luxury-tour-egypt-cost-what-you-pay-for-vip-comfort-value/
https://egypttours-meritamun.com//4-days-nile-river-cruise/,https://egypttours-meritamun.com/4-days-nile-river-cruise-private-tours-luxury-cabins-classic-egypt-moments/,1,1,https://egypttours-meritamun.com/4-day-nile-river-cruises-choose-your-luxury-route-with-expert-tour-hosts/
https://egypttours-meritamun.com//4-day-nile-cruise-from-cairo-2/,https://egypttours-meritamun.com/4-day-cairo-to-the-nile-cruise-your-way-through-egypts-best-highlights/,2,1,https://egypttours-meritamun.com/4-day-nile-cruise-from-cairo-price-guide-packages-inclusions-value/
https://egypttours-meritamun.com/4-day-nile-cruise-from-cairo-price/,https://egypttours-meritamun.com/4-day-nile-cruise-from-cairo-price-guide-packages-inclusions-value/,1,1,https://egypttours-meritamun.com/4-day-cairo-to-the-nile-cruise-your-way-through-egypts-best-highlights/
https://egypttours-meritamun.com/4-day-nile-cruise-from-cairo/,https://egypttours-meritamun.com/4-day-nile-cruise-from-cairo-price-guide-packages-inclusions-value/,1,1,https://egypttours-meritamun.com/4-day-cairo-to-the-nile-cruise-your-way-through-egypts-best-highlights/
https://egypttours-meritamun.com/4-day-nile-cruise-aswan-to-luxor/,https://egypttours-meritamun.com/4-day-nile-cruise-aswan-to-luxor-downstream-with-premium-service/,1,1,https://egypttours-meritamun.com/4-day-cairo-to-the-nile-cruise-your-way-through-egypts-best-highlights/
https://egypttours-meritamun.com/private-aegypten-rundreisen,https://egypttours-meritamun.com/private-aegypten-rundreisen-aegyptologe-luxor-kairo-assuan/,1,1,https://egypttours-meritamun.com/private-aegypten-rundreisen-aegyptologe-luxor-kairo-assuan/
https://egypttours-meritamun.com/reisefuehrer-aegypten,https://egypttours-meritamun.com/transport-aegypten-praktischer-reisefuehrer/,1,1,https://egypttours-meritamun.com/private-aegypten-rundreisen-aegyptologe-luxor-kairo-assuan/
https://egypttours-meritamun.com/2026/05/21/5-star-standard-nile-cruise-best-value-luxury-for-first-time-egypt-travelers/15670326397sl_cf_05/,https://egypttours-meritamun.com/5-star-standard-nile-cruise-best-value-luxury-for-first-time-egypt-travelers/,1,1,https://egypttours-meritamun.com/5-star-standard-nile-cruise-best-value-luxury-for-first-time-egypt-travelers/
https://egypttours-meritamun.com//4-day-nile-river-cruises/,https://egypttours-meritamun.com/4-day-nile-river-cruises-choose-your-luxury-route-with-expert-tour-hosts/,1,1,https://egypttours-meritamun.com/4-days-nile-river-cruise-private-tours-luxury-cabins-classic-egypt-moments/
https://egypttours-meritamun.com//5-day-luxury-tour-egypt-cost/,https://egypttours-meritamun.com/5-day-luxury-tour-egypt-cost-what-you-pay-for-vip-comfort-value/,1,1,https://egypttours-meritamun.com/5-day-luxury-tour-egypt-premium-egypt-experiences-with-vip-level-attention/
https://egypttours-meritamun.com/2026/05/21/5-star-nile-river-cruise-relax-on-the-water-while-egypts-icons-come-to-life/woman_relaxing_on_bed_nile_202605211311/,https://egypttours-meritamun.com/5-star-nile-river-cruise-relax-on-the-water-while-egypts-icons-come-to-life/,1,1,https://egypttours-meritamun.com/5-star-nile-river-cruise-relax-on-the-water-while-egypts-icons-come-to-life/
https://egypttours-meritamun.com/4-day-nile-river-cruises/,https://egypttours-meritamun.com/4-day-nile-river-cruises-choose-your-luxury-route-with-expert-tour-hosts/,1,1,https://egypttours-meritamun.com/4-days-egypt-short-holiday-packages-best-of-cairo-the-nile-in-just-one-escape/
https://egypttours-meritamun.com/5-day-egypt-tour/,https://egypttours-meritamun.com/5-day-egypt-tour-the-ultimate-first-timer-route-with-guided-comfort/,1,1,https://egypttours-meritamun.com/4-days-egypt-short-holiday-packages-best-of-cairo-the-nile-in-just-one-escape/
https://egypttours-meritamun.com/2026/06/06/5-star-deluxe-nile-cruise-ships-facilities-dining-onboard-comfort/chef_presenting_egyptian_dish_202606062137/,https://egypttours-meritamun.com/5-star-deluxe-nile-cruise-ships-facilities-dining-onboard-comfort/,1,1,https://egypttours-meritamun.com/5-star-deluxe-nile-cruise-ships-facilities-dining-onboard-comfort/
https://egypttours-meritamun.com/2026/06/06/5-star-nile-cruise-boats-choose-your-ship-cabin-and-cruise-style/malena_on_balcony_soren_inside_202606062057/,https://egypttours-meritamun.com/5-star-nile-cruise-boats-choose-your-ship-cabin-and-cruise-style/,1,1,https://egypttours-meritamun.com/5-star-nile-cruise-boats-choose-your-ship-cabin-and-cruise-style/
https://egypttours-meritamun.com/2026/06/06/5-star-nile-cruise-the-classic-egypt-experience-with-hotel-quality-comfort/woman_sitting_on_sofa_nile_202606062106/,https://egypttours-meritamun.com/5-star-nile-cruise-the-classic-egypt-experience-with-hotel-quality-comfort/,1,1,https://egypttours-meritamun.com/5-star-nile-cruise-the-classic-egypt-experience-with-hotel-quality-comfort/
https://egypttours-meritamun.com/tour/alexandria-day-tour-from-cairo-catacombs-qaitbay-citadel,https://egypttours-meritamun.com/tour/alexandria-day-tour-from-cairo-catacombs-qaitbay-citadel/,1,1,https://egypttours-meritamun.com/5-sterne-nilkreuzfahrt/
https://egypttours-meritamun.com/tour/day-tour-luxor-west-bank,https://egypttours-meritamun.com/tour/day-tour-luxor-east-and-west-bank/,2,1,https://egypttours-meritamun.com/5-sterne-nilkreuzfahrt/
https://egypttours-meritamun.com/tour/cairo-alexandria-tour-4-days-of-pyramids-and-coast,https://egypttours-meritamun.com/tour/cairo-alexandria-tour-4-days-of-pyramids-and-coast/,1,1,https://egypttours-meritamun.com/5-sterne-nilkreuzfahrt/
https://egypttours-meritamun.com/2026/05/21/your-ultimate-5-star-nile-cruise-in-egypt-luxury-itinerary-included-extras-booking-tips/man_relaxing_in_lounge_202605211414/,https://egypttours-meritamun.com/your-ultimate-5-star-nile-cruise-in-egypt-luxury-itinerary-included-extras-booking-tips/,1,1,https://egypttours-meritamun.com/your-ultimate-5-star-nile-cruise-in-egypt-luxury-itinerary-included-extras-booking-tips/
https://egypttours-meritamun.com/2026/06/06/5-star-nile-cruise-book-a-seamless-egypt-getaway-with-unmatched-value/dahabiya_sailing_towards_horizon_202606062102/,https://egypttours-meritamun.com/5-star-nile-cruise-book-a-seamless-egypt-getaway-with-unmatched-value/,1,1,https://egypttours-meritamun.com/5-star-nile-cruise-book-a-seamless-egypt-getaway-with-unmatched-value/
https://egypttours-meritamun.com/luxor-temple-tours,https://egypttours-meritamun.com/luxor-private-tours-with-a-dedicated-guide-valley-of-the-kings-temples-vip-access/,1,1,https://egypttours-meritamun.com/luxor-in-luxury-explore-pharaohs-temples-hidden-history-with-luxor-egypt-tours/
https://egypttours-meritamun.com/valley-of-the-kings-tours,https://egypttours-meritamun.com/luxor-private-tours-with-a-dedicated-guide-valley-of-the-kings-temples-vip-access/,1,1,https://egypttours-meritamun.com/luxor-in-luxury-explore-pharaohs-temples-hidden-history-with-luxor-egypt-tours/
https://egypttours-meritamun.com/luxor-private-tour,https://egypttours-meritamun.com/luxor-private-tours-with-a-dedicated-guide-valley-of-the-kings-temples-vip-access/,1,1,https://egypttours-meritamun.com/private-luxor-tour-aegyptologe-fuehrung-fahrer/
https://egypttours-meritamun.com/reisefuehrer-luxor,https://egypttours-meritamun.com/nilkreuzfahrt-von-kairo-nach-luxor-praktischer-reisefuehrer/,1,1,https://egypttours-meritamun.com/private-luxor-tour-aegyptologe-fuehrung-fahrer/
https://egypttours-meritamun.com/tour/day-tour-aswan-philae-templeobeliskhigh-dam,https://egypttours-meritamun.com/tour/day-tour-aswan-philae-templeobeliskhigh-dam/,1,1,https://egypttours-meritamun.com/schaetze-aegyptens-tour/
https://egypttours-meritamun.com/tour/day-tour-to-alexandria-from-cairo-spiritual,https://egypttours-meritamun.com/tour/day-tour-to-alexandria-from-cairo-spiritual/,1,1,https://egypttours-meritamun.com/schaetze-aegyptens-tour/
https://egypttours-meritamun.com/tour/luxor-hot-air-balloon-ride,https://egypttours-meritamun.com/tour/luxor-hot-air-balloon-ride/,1,1,https://egypttours-meritamun.com/schaetze-aegyptens-tour/
https://egypttours-meritamun.com/2026/05/21/book-a-5-star-aswan-luxor-nile-cruise-what-youll-see-whats-included-why-its-worth-it/nile_sunset_between_aswan_luxor_202605211407/,https://egypttours-meritamun.com/book-a-5-star-aswan-luxor-nile-cruise-what-youll-see-whats-included-why-its-worth-it/,1,1,https://egypttours-meritamun.com/book-a-5-star-aswan-luxor-nile-cruise-what-youll-see-whats-included-why-its-worth-it/
https://egypttours-meritamun.com/tour/egypt-discovery-tour-9-night-10-day/,https://egypttours-meritamun.com/tour/egypt-discovery-tour-9-nights-10-days-private-itinerary/,1,1,https://egypttours-meritamun.com/nilkreuzfahrt-von-kairo-nach-luxor-praktischer-reisefuehrer/
https://egypttours-meritamun.com/2026/05/21/5-star-aswan-to-luxor-nile-cruise-unforgettable-temples-sunsets-seamless-travel/man_standing_before_temple_columns_202605211410/,https://egypttours-meritamun.com/5-star-aswan-to-luxor-nile-cruise-unforgettable-temples-sunsets-seamless-travel/,1,1,https://egypttours-meritamun.com/5-star-aswan-to-luxor-nile-cruise-unforgettable-temples-sunsets-seamless-travel/
https://egypttours-meritamun.com/luxor-private-tours,https://egypttours-meritamun.com/luxor-private-tours-with-a-dedicated-guide-valley-of-the-kings-temples-vip-access/,1,1,https://egypttours-meritamun.com/private-luxor-tour-aegyptologe-eigener-fahrer/
https://egypttours-meritamun.com/luxor-tours,https://egypttours-meritamun.com/luxor-private-tours-with-a-dedicated-guide-valley-of-the-kings-temples-vip-access/,1,1,https://egypttours-meritamun.com/private-nilkreuzfahrt-luxor-aegyptologe/
https://egypttours-meritamun.com/aegyptologe-guide,https://egypttours-meritamun.com/private-luxor-tour-aegyptologe-eigener-fahrer/,1,1,https://egypttours-meritamun.com/private-nilkreuzfahrt-luxor-aegyptologe/
https://egypttours-meritamun.com/private-nilkreuzfahrt,https://egypttours-meritamun.com/private-nilkreuzfahrt-die-beste-wahl-2026/,1,1,https://egypttours-meritamun.com/private-nilkreuzfahrt-luxor/
https://egypttours-meritamun.com//4-day-nile-cruise-egypt/,https://egypttours-meritamun.com/4-day-nile-cruise-luxor-to-aswan-seamless-transfers/,2,1,https://egypttours-meritamun.com/4-day-nile-cruise-aswan-to-luxor-downstream-with-premium-service/
https://egypttours-meritamun.com/contact,https://egypttours-meritamun.com/contact/,1,1,https://egypttours-meritamun.com/private-egypt-tours-egyptologist-luxor-cairo-aswan/
https://egypttours-meritamun.com/private-luxor-tour,https://egypttours-meritamun.com/private-luxor-tour-aegyptologe-eigener-fahrer/,1,1,https://egypttours-meritamun.com/private-aegypten-touren-eigener-guide-fahrer-luxor-kairo-assuan/
https://egypttours-meritamun.com/aegyptologie-guide,https://egypttours-meritamun.com/private-luxor-tour-aegyptologe-eigener-fahrer/,1,1,https://egypttours-meritamun.com/private-aegypten-touren-eigener-guide-fahrer-luxor-kairo-assuan/
https://egypttours-meritamun.com/2026/09/06/,https://egypttours-meritamun.com,1,1,https://egypttours-meritamun.com/category/blog/
https://egypttours-meritamun.com/5-stars-nile-cruise-value-guide/,https://egypttours-meritamun.com/5-stars-nile-cruise-what-5-star-really-means-for-comfort-service-value/,1,1,https://egypttours-meritamun.com//5-stars-nile-cruise-value-guide/
https://egypttours-meritamun.com/top-5-star-nile-cruises-egypt/,https://egypttours-meritamun.com/top-5-star-nile-cruises-in-egypt-compare-ships-routes-luxury-inclusions-fast/,1,1,https://egypttours-meritamun.com//top-5-star-nile-cruises-egypt/
https://egypttours-meritamun.com/5-star-nile-cruise-from-aswan-to-luxor/,https://egypttours-meritamun.com/book-a-5-star-aswan-luxor-nile-cruise-what-youll-see-whats-included-why-its-worth-it/,1,1,https://egypttours-meritamun.com//5-star-nile-cruise-from-aswan-to-luxor/
https://egypttours-meritamun.com/book-5-star-aswan-luxor-nile-cruise/,https://egypttours-meritamun.com/book-a-5-star-aswan-luxor-nile-cruise-what-youll-see-whats-included-why-its-worth-it/,1,1,https://egypttours-meritamun.com//book-5-star-aswan-luxor-nile-cruise/
https://egypttours-meritamun.com/5-star-nile-cruise-egypt-luxury-itinerary/,https://egypttours-meritamun.com/your-ultimate-5-star-nile-cruise-in-egypt-luxury-itinerary-included-extras-booking-tips/,1,1,https://egypttours-meritamun.com//5-star-nile-cruise-egypt-luxury-itinerary/
https://egypttours-meritamun.com/5-day-luxury-tour-egypt-price/,https://egypttours-meritamun.com/best-time-to-book-a-5-day-luxury-egypt-tour-save-more-get-better-departures/,1,1,https://egypttours-meritamun.com//5-day-luxury-tour-egypt-price/
https://egypttours-meritamun.com/5-day-nile-cruise-aswan-to-luxor/,https://egypttours-meritamun.com/5-day-nile-cruise-luxor-to-aswan-temples-views-unforgettable-nights/,1,1,https://egypttours-meritamun.com//5-day-nile-cruise-aswan-to-luxor/
https://egypttours-meritamun.com/5-day-nile-cruise-from-cairo/,https://egypttours-meritamun.com/5-day-nile-cruise-luxor-to-aswan-temples-views-unforgettable-nights/,1,1,https://egypttours-meritamun.com//5-day-nile-cruise-from-cairo/
https://egypttours-meritamun.com/best-luxury-nile-cruise-for-families/,https://egypttours-meritamun.com/5-star-super-deluxe-nile-cruise-upgrade-to-the-highest-luxury-experience-on-the-nile/,1,1,https://egypttours-meritamun.com//best-luxury-nile-cruise-for-families/
https://egypttours-meritamun.com/egypt-luxury-hotel-near-nile-cruise/,https://egypttours-meritamun.com/egypt-luxury-hotels-near-the-nile-stay-close-travel-smarter-enjoy-more-egypt-nights/,1,1,https://egypttours-meritamun.com//egypt-luxury-hotel-near-nile-cruise/
https://egypttours-meritamun.com/private-egypt-day-tours-from-cairo/,https://egypttours-meritamun.com/private-egypt-tours-egyptologist-luxor-cairo-aswan/,1,1,https://egypttours-meritamun.com//private-egypt-day-tours-from-cairo/
https://egypttours-meritamun.com/luxor-private-tours-with-guide/,https://egypttours-meritamun.com/luxor-private-tours-with-a-dedicated-guide-valley-of-the-kings-temples-vip-access/,1,1,https://egypttours-meritamun.com//luxor-private-tours-with-guide/
https://egypttours-meritamun.com/aswan-sightseeing-luxury-tour/,https://egypttours-meritamun.com/10-day-egypt-escape-cairo-to-aswan-luxury-tour-package/,1,1,https://egypttours-meritamun.com//aswan-sightseeing-luxury-tour/
https://egypttours-meritamun.com/best-time-to-book-5-day-luxury-egypt-tour/,https://egypttours-meritamun.com/best-time-to-book-a-5-day-luxury-egypt-tour-save-more-get-better-departures/,1,1,https://egypttours-meritamun.com//best-time-to-book-5-day-luxury-egypt-tour/
https://egypttours-meritamun.com/4-day-nile-cruises/,https://egypttours-meritamun.com/4-day-nile-river-cruises-choose-your-luxury-route-with-expert-tour-hosts/,1,1,https://egypttours-meritamun.com//4-day-nile-cruises/
https://egypttours-meritamun.com/4-day-nile-cruise-from-cairo-2/,https://egypttours-meritamun.com/4-day-cairo-to-the-nile-cruise-your-way-through-egypts-best-highlights/,1,1,https://egypttours-meritamun.com//4-day-nile-cruise-from-cairo-2/
https://egypttours-meritamun.com/2026/09/19/,https://egypttours-meritamun.com,1,1,https://egypttours-meritamun.com/category/uncategorized/
https://egypttours-meritamun.com/2026/09/17/,https://egypttours-meritamun.com,1,1,https://egypttours-meritamun.com/category/uncategorized/
https://egypttours-meritamun.com/2026/09/15/,https://egypttours-meritamun.com,1,1,https://egypttours-meritamun.com/category/uncategorized/
https://egypttours-meritamun.com/2026/09/10/,https://egypttours-meritamun.com,1,1,https://egypttours-meritamun.com/category/uncategorized/
https://egypttours-meritamun.com/2026/09/09/,https://egypttours-meritamun.com,1,1,https://egypttours-meritamun.com/category/uncategorized/
https://egypttours-meritamun.com/2026/08/29/,https://egypttours-meritamun.com,1,1,https://egypttours-meritamun.com/category/uncategorized/
https://egypttours-meritamun.com/3-days-private-tour-luxor-and-aswan/,https://egypttours-meritamun.com/3-days-private-tour-luxor-aswan-in-ultimate-comfort/,1,1,https://egypttours-meritamun.com//3-days-private-tour-luxor-and-aswan/
https://egypttours-meritamun.com/tour-destination/aswan/page/1/,https://egypttours-meritamun.com/tour-destination/aswan/,1,1,https://egypttours-meritamun.com/tour-destination/aswan/page/2/
https://egypttours-meritamun.com/2026/08/30/,https://egypttours-meritamun.com,1,1,https://egypttours-meritamun.com/category/blog/page/2/
https://egypttours-meritamun.com/2026/08/21/,https://egypttours-meritamun.com,1,1,https://egypttours-meritamun.com/category/blog/page/2/
https://egypttours-meritamun.com/2026/07/29/,https://egypttours-meritamun.com,1,1,https://egypttours-meritamun.com/category/blog/page/2/
https://egypttours-meritamun.com/2026/07/22/,https://egypttours-meritamun.com,1,1,https://egypttours-meritamun.com/category/blog/page/3/
https://egypttours-meritamun.com/2026/07/14/,https://egypttours-meritamun.com,1,1,https://egypttours-meritamun.com/category/blog/page/3/
https://egypttours-meritamun.com/2026/07/04/,https://egypttours-meritamun.com,1,1,https://egypttours-meritamun.com/category/blog/page/3/
https://egypttours-meritamun.com/2026/06/30/,https://egypttours-meritamun.com,1,1,https://egypttours-meritamun.com/category/blog/page/3/
https://egypttours-meritamun.com/2026/06/29/,https://egypttours-meritamun.com,1,1,https://egypttours-meritamun.com/category/blog/page/3/
https://egypttours-meritamun.com/2026/06/24/,https://egypttours-meritamun.com,1,1,https://egypttours-meritamun.com/category/blog/page/3/
https://egypttours-meritamun.com/2026/06/22/,https://egypttours-meritamun.com,1,1,https://egypttours-meritamun.com/category/blog/page/3/
https://egypttours-meritamun.com/2026/06/20/,https://egypttours-meritamun.com,1,1,https://egypttours-meritamun.com/category/blog/page/3/
https://egypttours-meritamun.com/2026/04/06/,https://egypttours-meritamun.com,1,1,https://egypttours-meritamun.com/category/blog/page/8/
https://egypttours-meritamun.com/2026/04/04/,https://egypttours-meritamun.com,1,1,https://egypttours-meritamun.com/category/blog/page/8/
https://egypttours-meritamun.com/2026/04/03/,https://egypttours-meritamun.com,1,1,https://egypttours-meritamun.com/category/blog/page/8/
https://egypttours-meritamun.com/2026/04/02/,https://egypttours-meritamun.com,1,1,https://egypttours-meritamun.com/category/blog/page/8/
https://egypttours-meritamun.com/2026/03/16/,https://egypttours-meritamun.com,1,1,https://egypttours-meritamun.com/category/blog/page/8/
https://egypttours-meritamun.com/2026/03/15/,https://egypttours-meritamun.com,1,1,https://egypttours-meritamun.com/category/blog/page/8/
https://egypttours-meritamun.com/2026/04/07/,https://egypttours-meritamun.com,1,1,https://egypttours-meritamun.com/category/blog/page/7/
https://egypttours-meritamun.com/2026/06/06/,https://egypttours-meritamun.com,1,1,https://egypttours-meritamun.com/category/blog/page/6/
https://egypttours-meritamun.com/de/tour-destination/aswan/page/1/,https://egypttours-meritamun.com/de/tour-destination/aswan/,1,1,https://egypttours-meritamun.com/de/tour-destination/aswan/page/2/
